-2.737487363330481,0.00462022912579538,-5.468793135254058e-05,2.041456846194538,2.0590535526109073,-2.72468782489748,0.004702058099223123,-0.00015928751263424138
2.5320399563064373,0.004688403915346939,-0.00017104134951792613,2.245117916480262,2.2362713503386566,2.5520529615030485,0.004713746638863181,-0.00017391218644687064
1.5101650835823957,0.004627723891324111,-1.5381466555778966e-05,2.5097921365877105,2.1551896785001254,1.5224594862468195,0.004613199818072273,2.5981794289360884e-05
0.49878606400130415,0.004665766135529887,-6.147838182574101e-05,2.5754811388767473,1.890150629743318,0.5100544536012993,0.004761963837345381,-0.00015959505967951074
-0.5267891574763552,0.004683100632669118,-7.879355499669829e-05,2.381715759667509,1.6908946075115054,-0.526286080854118,0.004715200026886898,-8.386745450477884e-05
-1.5546790300841409,0.004602538457328933,6.372155999914484e-05,2.1122002861108515,1.754874630608199,-1.5546790300841409,0.004602538457328933,6.372155999914484e-05
-2.5742449632851923,0.0047950478773675755,-0.000161942947433162,2.027993161283063,2.0104472315002058,-2.5506116711100932,0.00484271255794417,-0.00018867437124454238
2.684703941511069,0.004723168584304239,-6.179450505606114e-05,2.205662407680742,2.2257759451249015,2.691734720275154,0.00457674634889202,8.625755687989295e-05
1.6646026512353014,0.004551102808158543,0.00014643051296473307,2.4770147140264043,2.184893063580193,1.673866489725859,0.004716318020786203,-6.952340198932051e-06
0.6499834410453883,0.00484130353906036,-0.00016932690857668337,2.5842184175654483,1.9350196515918319,0.6669781716054006,0.004759725161862375,-8.580956184438199e-05
-0.37909268670342633,0.0047181994802225095,-2.560600095029853e-05,2.423135633160809,1.7057190408519356,-0.37563082015457017,0.004647968845903327,4.8466523725666974e-05
-1.3995904989461085,0.004735978542912219,-7.675171017243296e-07,2.148726622358149,1.7260327330667034,-1.3935231979060405,0.004635386904208692,5.8911238413560086e-05
-2.411934910113476,0.004794742786676265,-0.00011187597543783238,2.0229266172937246,1.9673935244398058,-2.399487298551621,0.00474912590894615,-0.00010069017696496676
2.8445462834953235,0.004685370246828829,-5.217723935662687e-06,2.161076098957607,2.2060127897471076,2.860828131753615,0.004653975320639492,6.255615845488273e-05
1.8277265882225964,0.004610438909211159,7.348157210094765e-05,2.4394302106063552,2.2107929530092134,1.8328542230070102,0.004761185882813394,-9.09750194498434e-05
0.8062819681519716,0.0046256775301766005,5.935812260651587e-05,2.586119455594148,1.978106982175988,0.8170893328733926,0.00478782784175964,-0.00011700790119573638
-0.22008211717913329,0.004629548480079439,-2.0785509565835296e-05,2.468205867153363,1.7299748852189822,-0.19727933229276023,0.004601650215089513,5.021922531788133e-06
-1.2341630408845092,0.004719358312555439,-0.00015329607547591686,2.1916860797062774,1.701608787723683,-1.2213312340336346,0.004798419696798798,-0.0002347953945933826
-2.2447379725201024,0.004638601825092033,-0.00010644447024458296,2.025187367596043,1.9193858811146443,-2.2334277161441847,0.004651364092679017,-4.527844665049099e-05
3.021432987720789,0.00454401228016992,-6.112812041132594e-05,2.1190182625671317,2.177128165302471,3.039740077867819,0.004625786591776331,-0.00010732116145246133
2.0074885178597777,0.004655995874639196,-0.00018356847350255295,2.3898333029473946,2.2319617004620365,2.02241691276626,0.004747183043266929,-0.00029860763985994394
0.987453650788942,0.004449018280418897,1.1437696199133965e-06,2.5805265784550264,2.027141447616891,0.9889347368450885,0.004516828102755971,-6.816379098688412e-05
-0.026803046244630663,0.0045977383445299095,-0.00025447986835734724,2.5067403509165445,1.7610081910278672,-0.025783470748829987,0.004593398540158926,-0.00024982949018696185
-1.0331464843710045,0.004471209141371291,-0.00010708460163646231,2.245516695937647,1.6846847988722529,-1.0247838932184121,0.004697171415968139,-0.00035563088821439934
-2.050803259758088,0.004375698105607742,-6.753163249683747e-05,2.041408315020749,1.8632917527000805,-2.0350066582073003,0.004474088850887754,-0.00014130443892758327
-3.059505039449174,0.004610733164383569,-0.0003061674172163497,2.0846515820141,2.136490671098498,-3.0523479756888467,0.0046050448454478515,-0.0003011128831897507
2.2208222013279495,0.004563159423855603,-0.00022332399191948374,2.3343745420613247,2.2399546873494995,2.2342620721318553,0.004647456163342513,-0.00030901610928607017
1.2050798572547137,0.004442158333348503,-8.939444811686727e-05,2.5561825736435013,2.0872692778174198,1.2268532069690268,0.004463228937075019,-0.00015975692635057708
0.19473213582405116,0.004692124230340337,-0.00032334268016024384,2.5447997802440026,1.813411488650529,0.21724856671913403,0.004670490834930212,-0.0003260990334819554
-0.8195779259412849,0.004471563427027739,-0.00014354889919717564,2.301992053653329,1.681978549223266,-0.8115317122200245,0.004522455428227625,-0.00018044966004859966
-1.8345666657584574,0.004573850292483164,-0.0001428458221854647,2.0661597860091403,1.8129893471892078,-1.820932117358025,0.004433206682366202,5.68506041801587e-06
-2.8547483401690847,0.004704945363318886,-0.0003272247067010708,2.0575542713465453,2.0909072303617333,-2.8542481985091483,0.004723494023056356,-0.00030446258725838875
2.4096779994630992,0.004540052239685907,-0.00018056515971398535,2.2804166272021313,2.2384598639798337,2.4335959761236947,0.004399504631037004,-7.219478493100276e-06
1.3845149019095144,0.00452918507662553,-1.151630467864044e-05,2.5348635843183076,2.1237473900014123,1.3890386896869749,0.004528288154855778,-1.149232365666417e-05
0.37088605339593655,0.004775531042176164,-0.0002560555391130261,2.5647127509285292,1.8532980775005816,0.38163295589284707,0.004619906762828108,-0.00011634575707009509
-0.6431870751885652,0.004465975118793301,3.872370650987972e-05,2.3545655030699844,1.6838911455655403,-0.6241959176517992,0.004525465624448515,-9.644997040853331e-06
-1.6599679428250667,0.004763187395582073,-0.00015459051628777547,2.0954137510389663,1.771450855441646,-1.6436136047792487,0.004693290031910056,-0.00010557326687082228
-2.6692165599269884,0.004616277569639517,-5.5948487280826766e-05,2.035753886487921,2.035685204539014,-2.6468551923631654,0.004562035806773471,1.6652925910476324e-05
2.591934268458346,0.004452724428103295,9.480966218111546e-05,2.234305855331322,2.2313368132336335,2.5939579609630723,0.004516177120421537,2.8439934367143194e-05
1.5661911541909037,0.004752920183658489,-0.00010243410663283524,2.498347996063092,2.1650722220508207,1.583047406502512,0.004645734397436253,-3.0666192452906283e-06
0.5988084824262786,0.004699160627237199,-8.650233054355637e-05,2.581272780107748,1.9145002803855482,0.6069768756470664,0.004661649048214285,-5.841673818009392e-05
-0.42784332127966096,0.004685518291448028,-1.4077173679163706e-05,2.412946970876911,1.6994351195526658,-0.41160520721348776,0.004619385906590178,5.848353734823459e-05
-1.4425015123008476,0.004754576279263676,-7.782102226936314e-05,2.140332129529786,1.7303635510388622,-1.429181058730954,0.004882366545978069,-0.00017951181650216756
-2.4528883331235134,0.004683122693771625,-3.6237026217191116e-05,2.025042941146045,1.9782045310330516,-2.4425174298288006,0.00452107213228883,5.458193011479309e-05
2.812041382809886,0.004632467183031967,5.7401735924908904e-05,2.168320499122226,2.2062124022093834,2.8384881043434955,0.004671698294044649,1.552752372637405e-05
1.7957493001774292,0.0047458349011684,-3.1086156334772425e-05,2.4480870253369775,2.2022271398257023,1.7977970440830289,0.004798836757177438,-8.639013637159368e-05
0.7843043858989379,0.004638677695519046,4.821371966734269e-05,2.5847255750027824,1.9674692801963425,0.7917803215424083,0.004490962874770868,0.0001757001614743962
-0.2400024119072193,0.00465516738080537,4.8891408918176904e-05,2.458470485725515,1.7230999402325882,-0.23184284572832028,0.0048310998524622156,-0.00013468397975211125
-1.2545405123833802,0.004819453456098094,-9.711206920457141e-05,2.1868079669727285,1.7030572985002566,-1.2396805762685572,0.004728503761650044,-2.6211355577963873e-05
-2.2740197894474536,0.00462290514791477,8.704817679106731e-05,2.0246413222135193,1.9275414260241712,-2.2659662003102246,0.0046132354432341085,9.07786367193354e-05
2.9863506276503036,0.004830510070740521,-0.00013578233105723182,2.1283656414546215,2.1807967049272103,3.0006396859018123,0.00469506445380056,8.177850764646516e-06
1.9706259646279654,0.004727488646579052,-2.054789252150755e-05,2.399448296012182,2.2254256881128396,1.9829138324139348,0.004729790393400883,-2.4130374903519868e-05
1.7091719585933753,0.004752831817093576,-4.203825830325574e-05,2.4678808327047967,2.1895180356718336,1.7091533014424398,0.004753795626673173,-4.31728566566973e-05
1.7101186725206154,0.004662743104417005,1.3834010351174008e-05,2.467878389533399,2.1885496269634763,1.710111903412039,0.00466362854930821,1.3324519441570852e-05
1.7106617640393804,0.004637256871572674,1.4861491402579376e-05,2.4678816317926033,2.1878824746665835,1.7106483523742975,0.0046364698877209825,1.7037425967686335e-05
1.7114810760936283,0.0046094025855939625,1.3024778863135053e-05,2.467700271028645,2.187614500206391,1.7114624180188553,0.0046133346630745095,2.837286855459616e-05
1.7123355527333033,0.004598893990471611,-7.910415113149669e-06,2.4675566651193215,2.1872342577311854,1.7123296565887909,0.00460343329759142,1.2469545430855519e-06
1.712055903149529,0.004599525667413173,-4.3657071607165305e-05,2.467983473678219,2.1867124615782263,1.712029161359922,0.004598600182623571,-4.395053367054105e-05
1.7120878216342195,0.004617208607090809,-8.478226440385488e-05,2.468351232559897,2.186280242932885,1.7120885797228271,0.004567177210454997,-9.989841349069456e-05
1.7131459525772463,0.004515884268941292,-9.467392258180053e-05,2.46826774348677,2.185983721077482,1.7131595825682733,0.0045270242436047225,-7.119470208940335e-05
1.7116920339065533,0.004585986270516947,-0.0001706865729193294,2.4692703944981345,2.185379594730256,1.7117193376120592,0.0045428952698659255,-0.00014327904314359862
1.7110081297439244,0.004557095904498422,-0.0002107498410536771,2.469905127881307,2.184819296120547,1.7110221561208632,0.004581616927339696,-0.00018520940772442547
1.2705003963324897,0.004600124866238971,-0.00029581071539851764,2.550442957960586,2.093489079247198,1.2715165062631741,0.004580261166395007,-0.0002734502465300201
0.26092934628609576,0.004633125491659012,-0.0002391062166503938,2.5510411592460143,1.8211763581994442,0.26757826116469147,0.004633262992801144,-0.00026338588720649283
-0.590196222993959,0.0045158186461684855,-0.0002442131224099137,2.3638447605163853,1.6834311586200763,-0.5903344769905252,0.004528574451552876,-0.00019649128570077323
-0.589149535322331,0.004529747718608189,-0.000227508675088339,2.3624452030371668,1.6843347576186172,-0.5891411912404408,0.004525702836152528,-0.0002486524868463946
-0.5903227290065695,0.0045081575867297234,-0.0001984322554912663,2.360233400093327,1.684295774770347,-0.5903085448808645,0.004513901038189206,-0.0002073421492266425
-0.8905620076220756,0.004474837809700516,-0.00017542709690627613,2.2751095611567718,1.679241773737847,-0.8865959596572053,0.004512255657756376,-0.0002128879046202928
-1.9115798859258226,0.004647521357747413,-0.0002819724032478865,2.0511021738498774,1.8266081987685445,-1.889829230703052,0.004645720152545453,-0.0002288780414082122
-2.9369413506605873,0.004677929710423287,-0.00021783860436007252,2.062582862444848,2.1064026449281172,-2.9313187879691864,0.004545229347207082,-0.00010682412832248864
2.331188215088687,0.004389113055516042,9.383900693716333e-06,2.2997337120607364,2.23601656006356,2.3454679844423176,0.004473593770359664,-7.98199061330012e-05
1.3098898160654022,0.0047613718581022025,-0.00024099449043021832,2.5406242695301455,2.103459317390087,1.3133697432750475,0.004720359874488428,-0.0002649964485411753
0.2913259000355032,0.0045223372551748565,-9.14147026143923e-05,2.5522916378240086,1.834214678243348,0.31541818986350206,0.00447637729287558,3.559637176960117e-05
-0.7218701412372804,0.004608097376431949,-0.00011441006710854894,2.3306009696329624,1.6794171996830516,-0.6914111094414086,0.0045423573217829505,-7.859147173703517e-05
-0.8331294777655572,0.004494270833251432,-2.342976898234013e-05,2.2905655626261225,1.6807232375668466,-0.8332414880737417,0.004484385689209092,-7.127982505551283e-05
-0.8295628771333131,0.004442730263944949,3.1092510334899156e-06,2.2915265106982137,1.6826795672687052,-0.8296081468725933,0.004443314969545153,2.4312126932930547e-06
-0.8269862589185157,0.004423310312470718,-1.2589306388336423e-05,2.2921010345106216,1.6841937341683726,-0.8269869618960469,0.004374690238057077,-4.6240994575523506e-05
-0.8247373744933589,0.004346772687347428,2.7378749007274715e-05,2.292560485055625,1.6855736652207747,-0.8247172200837373,0.004373466677070796,-8.847775473331916e-06
-0.830192431005588,-0.034783656466269845,7.126502219283413e-05,2.37542806161131,1.5945627772213826,-0.8295757317490957,-0.020936423274791418,-3.3431627103467135e-05
-0.8647892493706848,0.004880182320779527,-6.123764016208627e-05,2.3784611931407404,1.581335048762175,-0.8648175900876898,0.004867975075296478,-0.00010480707604552234
-0.8148691934648739,0.0047111801042752375,1.8609022730176117e-05,2.483066019849969,1.484587427149428,-0.8148005637362961,0.004700071035208457,6.398799478493082e-05
-0.8234543073432812,0.004596960673922929,1.7616198802669255e-05,2.48024088344436,1.4834699235414837,-0.8234540423873907,0.004600609332411047,1.7669988503774535e-05
-0.8231373994092941,0.004515111306880937,-3.1377335521895465e-05,2.5429634323076393,1.4149994478270964,-0.8231415096597525,0.004499208784672728,-3.1130701018194965e-05
-0.8228523737906007,0.004405933517171351,3.8959556694394126e-05,2.5424137956207997,1.415655575367439,-0.8228356507272881,0.004421490139899035,1.0196356947251892e-05
-0.8285634206934848,0.004669929031138276,1.4049496853333208e-05,2.624419403357018,1.3245934263512738,-0.8285529844399245,0.004653654137681494,1.43347453450735e-05
-0.8288536243452752,0.004672495907963543,1.0675652084973522e-05,2.624067941954386,1.3248708212192846,-0.8288499006598808,0.00465929806396142,2.494004928838189e-05
-0.8292262609694101,0.004691284189160149,6.671751952205623e-06,2.6236848993083126,1.3251078925279525,-0.8292251706248465,0.004687327109701388,7.0861468082408515e-06
-0.8295509418032512,0.004697192483165927,3.0403445668520406e-06,2.6232825351096194,1.3253663782194762,-0.8295744776859567,0.004699702452587716,3.7452316468326617e-06
0.0589088553443212,0.004762019008362196,7.018828894094287e-05,2.5408697775879996,1.546484168585231,0.03917266007435549,0.004705982005126098,7.237814421466058e-05
1.0711132817317242,0.00470790166259273,-1.423061178167775e-05,2.2716092775717374,1.6156793047804119,1.0711132817317242,0.00470790166259273,-1.423061178167775e-05
1.4617615053106199,0.004733986153120619,4.364965434979341e-05,2.1737308481110844,1.5688640400864067,1.4617613387969257,0.0047162390203425095,4.364418354805263e-05
1.4618384622301652,0.004759767755028081,7.685111513112717e-05,2.173732726994327,1.568369625131994,1.4618374362854656,0.004776823937686814,7.650138553251705e-05
1.461891441268333,0.004787454210330661,0.00010857353086427948,2.1737345593433037,1.5678770088075973,1.4618905916511136,0.004787031191976417,0.00010792011097649535
1.4619194543104133,0.004817188415855372,0.0001394973852491543,2.173736360307656,1.5673675893878134,1.4619191701426226,0.004817112428224518,0.0001389553404387959
1.4619225387913595,0.004795415182014006,0.00016913490689716027,2.173738080771096,1.5668503424781626,1.4619225265243394,0.00481320328592744,0.00016875613105548303
1.4619481420739189,0.00477392690745326,0.00019815512286817366,2.173724929641482,1.5663240664372704,1.4619448629233314,0.004774820483964256,0.0001980706244674554
1.4622466629793158,0.004751923972063651,0.00022575577467908234,2.1736124179452294,1.5657639754986263,1.4622448801621413,0.004734319559880908,0.00022540240961174357
1.462872418842033,0.004692929032477296,0.0002452821859903741,2.1734196934902017,1.5652064936673338,1.4628548089611733,0.004676728463210129,0.0002445876921399048
1.463718285878863,0.004612376952267443,0.00025492010221099076,2.173153135897611,1.5646103351751863,1.4637136643132997,0.00461283296710626,0.0002549002247911657
1.4173848506268172,0.0047356144165692305,4.193492852127285e-05,2.166044567064574,1.4143672825312583,1.4173999203829346,0.004766545876781135,2.0677558129958407e-05
1.418056567188513,0.004800171127406381,2.6637419395605968e-05,2.165904305425232,1.4138440293217918,1.4180561567044134,0.004800443114754737,2.6193437392488085e-05
1.45471289863377,0.004565784208563595,0.0002112403215577725,2.1560169695508336,1.3945710116707875,1.4545726867383113,0.0048662856962531495,0.00011482719918166196
1.4126637115124285,0.004712064224587944,8.945688467017974e-06,2.1478690216250054,1.2412483577031947,1.4126450817638434,0.004721357506241837,9.97796263467405e-06
1.413515728614674,0.004686626727150522,3.869927399836338e-05,2.147582857147652,1.2405494130443098,1.4134612968894933,0.004676076046790359,4.0342512063053703e-05
1.4146936685544733,0.004676212896667003,2.747624470995719e-05,2.1470921481120966,1.2399144004621891,1.4146935567645584,0.0046760010393197445,2.7843593563376483e-05
2.2335153691264775,0.004834410666126163,5.627607816616571e-05,2.0300083213651665,1.052267834253266,2.218259815980928,0.004714499883222288,-5.255916775963367e-05
-3.032439021297717,0.004640281653952408,-0.00012182708678832833,2.1231443584770022,0.7903915738085837,-3.036419258093184,0.004584392321512872,-0.00018090157580186793
-2.6257528431070862,0.004843651734573588,-3.7974012477141735e-05,2.2251885057812366,0.7357542359257129,-2.625751292186463,0.004852105103318733,-1.2595849081476422e-05
-2.6259700167441498,0.004855347912255583,-4.4551042609198465e-05,2.2258210627361263,0.7361154652532867,-2.6259561974124126,0.004865799899414694,-3.650636465421294e-05
-2.6262510967264676,0.0049119571372575775,-3.0837747837374705e-05,2.226488515032336,0.7364599796294231,-2.6262058456037516,0.004916150495859748,-2.9816241592271715e-05
-2.6269032527309517,0.004933760777758708,-3.314118170506091e-05,2.2271636495186895,0.737007795435796,-2.626916092550394,0.004941194205651757,-4.062665088986846e-05
-2.627796618113863,0.00496016640446776,-4.9203713682899124e-05,2.227758897908229,0.7376941431263718,-2.627771723639014,0.004931003051293056,-7.869447525710654e-05
3.0518005619374593,0.00462127568022478,0.00029959471600266734,2.3115849042279093,0.8789727500929736,3.060053634732995,0.004837769230700878,8.866387506446733e-05
2.0342035778145635,0.004947178675710697,-7.250236215291218e-05,2.579934009279287,0.9377635340765993,2.042304414350302,0.004937075411609349,-2.6433901324371464e-05
1.0112029235629836,0.004779282511130567,0.00010130624674343781,2.7695202837890167,0.7453522279154343,1.0348977800161034,0.0047150667697891425,0.00021630038151936121
-0.007143942813135504,0.004682253739553488,0.00020053649707119285,2.7050608700331735,0.4765375677368103,0.0077790970286447,0.00483302046606414,0.00010064811859640959
-1.0284344192136063,0.0049267773145044245,5.630956782364811e-06,2.4448553465119476,0.394214130808193,-1.003218989120424,0.004969017228535446,-4.3738148779231645e-05
-2.0527739472073043,0.004794799810872633,0.00014328271855827576,2.2348346383247155,0.5738404863688771,-2.036515878888266,0.004764036426288622,0.00011837316109208344
-3.072684492612334,0.0048533468825831885,9.610808359399095e-05,2.2809727646404427,0.8470452549764741,-3.064079194287436,0.00492725688674217,3.1952659216047914e-05
2.192140713882729,0.004838554880055832,9.727416594540652e-05,2.5320773963695427,0.9470833103021934,2.2177178062971916,0.004867195844742128,-3.3734023915982604e-05
1.1608785059399904,0.004715076036426897,0.00021560228175851505,2.7558667471979477,0.7851404039026668,1.1832450557423995,0.004746662236054676,0.00013565458752944358
0.13432116177584108,0.004927761053524275,-1.2531131570339043e-05,2.7292134816351092,0.5063753399257095,0.1440533047789061,0.0049419959103982804,1.733647558032414e-05
-0.881534653195931,0.0048248438038088,9.471276748734082e-05,2.4809412806745854,0.39031263630059054,-0.8744404557225499,0.0047140907474128545,0.00022588281977874185
-1.9054641417719216,0.004628368514636712,0.0002674394575976217,2.250811066830946,0.5380758160365686,-1.8987977941275926,0.004803108717914946,0.0001356263085042623
-2.928693419199329,0.004977932022523465,-4.86430717192036e-05,2.2576607759656744,0.8120835580599463,-2.913938624781067,0.004840316473975917,7.935941977546081e-05
2.3375023385125546,0.004781439777724934,0.00013775626714989989,2.4979489773311716,0.948226257682086,2.342596880693264,0.004623926135651232,0.00030693426441376185
1.3101622014093603,0.00470547143277346,0.00021891031858554824,2.7375282322229806,0.8202259972513453,1.3259922208600485,0.004830534493463856,4.4840804902904254e-05
0.2869577633215052,0.004952518877088299,-4.742321559183008e-05,2.752155633070109,0.5442211955777166,0.29989803862365316,0.004765185663085167,0.00016093630293076804
-0.5310071845720081,0.004665399666021443,4.576290476426656e-05,2.5125894356749323,0.4381057840195223,-0.5312347250986736,0.004742874872432733,0.0002999455220729277
-0.5287482043441194,0.004785613124873932,3.837229173258539e-05,2.4552706839438123,0.4719599132448959,-0.528749440553485,0.0047867955161446886,3.958884481375733e-05
-0.5287331645806539,0.004715124870782604,-3.420938024168875e-05,2.454618292237724,0.47233965797684263,-0.5287332370012049,0.00471614384652238,-3.3493002063148615e-05
-1.148995441493129,0.0047529850510129755,-0.00017899061791356834,2.2857238111912714,0.47669816979686236,-1.1333139774845946,0.004656574526209951,1.570787222458872e-05
-2.174805111491343,0.004669280446669787,-6.397030600697826e-05,2.1052263698843845,0.6793807844375519,-2.1527514829570653,0.004697575205356697,-3.349915270243919e-05
3.093803202354191,0.004678793879487939,1.4496328183270747e-05,2.1807570796535436,0.9427642021656981,3.1105289065703148,0.0046483943107414405,4.6123457419022526e-05
2.0836400170125597,0.004698087302212833,-2.9102073154636795e-05,2.442596222272159,1.0141862185085675,2.1065410880158497,0.004747009067643535,-4.410409646371693e-05
1.058989111957098,0.004580706615897942,6.039913831434829e-05,2.6440396650856166,0.825954570276255,1.0680558482381426,0.004673476762903643,-4.0014333020388785e-05
0.045226696115129535,0.004794817932116708,-6.954437345224055e-05,2.591274997249979,0.5606085855687954,0.06214974390716985,0.004794338274289777,-6.927327608158966e-05
-0.9685189050525829,0.004684112352855958,-1.3115155829295205e-05,2.334431493749478,0.46715022960103514,-0.9542694321210776,0.004773952365901562,-0.00010772518591051228
-1.3487762154526954,0.00446907484170577,-8.521996626175408e-05,2.1958612024712,0.6646354951818445,-1.3487514277285073,0.004482540252145538,-8.337816000115604e-05
-1.3507136380325944,0.004501189801694756,-0.0001023281050466279,2.194677798522153,0.6653890350855267,-1.350728258765886,0.00451705780086077,-7.904870395884982e-05
-1.3501469620707238,0.004562997350754244,7.095541155981096e-05,2.1701590052387676,0.807503570517698,-1.3501465748458097,0.004562358666472119,7.182343725091518e-05
-1.384427710544407,0.004656768596616778,-0.00022745771033107445,2.1476786868832844,0.8924260052685185,-1.3841191525493557,0.004661274407377618,-0.00023165547764743445
-1.3438166029546543,0.004788331054332407,-0.00013687623199726243,2.1410365284917723,0.9651276479851442,-1.343753203254061,0.004788832375977917,-0.00013596253754751577
-1.3822511297657247,0.004920152502949735,-2.8282058328380162e-05,2.098831074515797,1.107210497331546,-1.382229136331023,0.004918504557497975,-2.9912824382172262e-05
-1.383191251834583,0.004897371277547159,4.1858989880728965e-05,2.0986179597777546,1.1077995294448557,-1.383142558947623,0.0049296141122586136,-6.765811216637713e-06
-1.3638544771107275,0.0044408952376033305,-2.757106547077674e-05,2.0717150216630547,1.253254787760247,-1.3638697572047416,0.004461135951658464,-2.6650879477715695e-05
-1.3641514655058506,0.004431644268189895,-1.6485827620076762e-05,2.0709723224746805,1.2541539422625507,-1.364146931510848,0.004431305141227917,-1.6716290803975258e-05
-1.3645949932760912,0.004421862496919292,1.1011056184678228e-05,2.070838968078704,1.2549071046751674,-1.3646112156266605,0.00439902248641041,-2.2823209076322676e-05
-2.222130586191759,0.004596594810251491,-9.313370710998065e-05,1.9418959083879361,1.4462162384480768,-2.205366451345688,0.0046110241409731915,-8.923647012613375e-05
3.047281324933006,0.004567499032944228,-0.000132479757968177,2.02861688489601,1.7065096585916633,3.0649023070258896,0.004538544166986783,-7.496873127377337e-05
2.0431024658482455,0.004660700987946051,-0.00016703898773098814,2.29714319834105,1.7680240093350759,2.0520868498927025,0.0046088929431640216,-0.0001557454618137834
1.0372050836826006,0.004649808829957041,-0.0002241317120517136,2.4877807758862645,1.5790540956255017,1.0520272721431325,0.004527490941519282,-7.234219789617585e-05
0.030423608010051874,0.0045285126413929415,-0.00012146382163992214,2.4302553333738555,1.309360799514161,0.03541187954240119,0.0044185435772947585,-2.386507209645512e-06
-0.9701050398716724,0.004619352307189781,-0.0001737654030087007,2.1753239618297746,1.218024650284214,-0.9596580605899013,0.004710653822834222,-0.00026508541972102646
-1.982559941085557,0.0046181835050170044,-0.00021783044401785972,1.962475027431622,1.3813543399113528,-1.9665820841748294,0.004627715744115622,-0.00022361027159370928
-2.9875901168129455,0.004488517869088297,-3.199475053757627e-05,1.9858481022602676,1.653991530456096,-2.973204399447761,0.004504082238747474,-4.5780461248114944e-05
2.2899743638316177,0.004728772548550393,-0.00027680914454101765,2.2284475027445776,1.775771175452052,2.3054541899558636,0.004699893272051118,-0.0002324173565345816
1.2708876510642937,0.004527822195034312,-5.9065545356764425e-05,2.463252975133292,1.6355538026484107,1.2794958747056058,0.004493034737761395,-1.1261232967447421e-05
0.260588391703231,0.004526481507043978,-7.33138709032081e-05,2.465198405939926,1.361598591860943,0.26878427067369937,0.004607678467152997,-0.00022793786169052958
-0.7650770023883707,0.004548433319737365,-0.00012006009512212892,2.231857224884388,1.21778601134622,-0.7541198561358731,0.0047224364883698055,-0.00030644326601623876
-1.7858068755299177,0.00457879076106394,-0.00011060072315638677,1.9882383592142552,1.3351221932177484,-1.7668632923447543,0.00457048874695931,-3.982362512862107e-05
-2.799103368990391,0.004570450291970512,-8.53315312291637e-05,1.9623085548203083,1.6078609404175905,-2.782110539429931,0.004623789965723855,-0.00023741069313691323
2.4696333744696206,0.004663689541273728,-0.00021923975215182125,2.180658541221007,1.7719714658720178,2.4776637325943605,0.004657590064791916,-0.00021454898294450726
1.4544449593544795,0.004526212554290314,-4.3117982055404886e-05,2.4315207427940844,1.6788344723726114,1.4777282346385454,0.0044643051810771195,0.00010235675665247461
0.4401587500281689,0.00467807739312386,-0.0002612832477604039,2.484230586422758,1.4105659200756118,0.4623643733057898,0.004732456288884699,-0.0002507346749858479
-0.5774644826723198,0.004676229537685134,-0.00020620547396249777,2.2852077548361422,1.2246224528926384,-0.5612635428148531,0.00461472044756806,-0.00012796153946431944
-1.5955268598802799,0.004507577695972617,4.1167768160132585e-06,2.0218879078634666,1.2956354259844387,-1.5793907602650425,0.00463054319443117,-6.241655430866729e-05
-2.607149477972739,0.004770778011008388,-0.0002799845032720691,1.9464882195991045,1.5554847079204088,-2.5844719832874636,0.004784083679248815,-0.0002669137817059465
2.6560791693541943,0.004617360827738142,-8.984573690551925e-05,2.1270536055938716,1.7602088525104265,2.6721474644510574,0.0046149345868550734,-0.00014407553552701397
1.6400920753693349,0.004592036167747524,8.58766638777285e-06,2.3962070463632044,1.7131383579647772,1.6545907614258721,0.0045596685785754786,3.963508896986626e-05
0.6265251713698622,0.004780710521314104,-0.00026567602001122966,2.4950889612744915,1.4615072263941764,0.6499980220220168,0.00475097268747951,-0.0002413830518139853
-0.39238992706788867,0.004508828832752794,7.905294298728144e-05,2.3348618103401217,1.2403293861689615,-0.3781596340415871,0.004609502849259578,-3.0544559501715436e-05
-1.414872757805485,0.004648226219740775,-1.458273349438144e-05,2.058187147001538,1.2656711298986016,-1.412825823015653,0.004639591893461387,-2.6056949936478785e-05
-2.4363970814638503,0.00461463262080607,-0.00011278078607975632,1.9413571691313105,1.506943992425749,-2.4095887002088454,0.004734167364428875,-0.00021884630170438616
2.8274935736703286,0.004616188263024167,-6.420175813538785e-05,2.0865934712276335,1.7431030849386737,2.829017168450244,0.0046300625558444485,-2.1932420547295927e-05
1.809172196755452,0.004725364418801319,-9.554422412931428e-05,2.3586200588324084,1.7387836443378046,1.8196989901971363,0.004846502259357835,-0.000178435336603525
0.7980672321833436,0.004650486832302444,-0.00013328771275560803,2.497131379420399,1.5079085374969297,0.8159585326253622,0.004596149358186006,-6.993660631714135e-05
-0.22684060360587954,0.004676459743167906,-2.3439071312990124e-05,2.37346827171459,1.2605245396247442,-0.223288702960555,0.004630489984447312,-4.9430665017964144e-05
-1.2560316735088308,0.004854508867102936,-0.0001493086472376133,2.0980087717564246,1.242834884633003,-1.2483310375846246,0.004833852443773954,-0.0001788799040893135
-2.2742497725284228,0.004687630780382007,-6.363738455574796e-05,1.9420632169063416,1.4627898084842275,-2.2548820301227126,0.004677753082140745,-5.49950086724073e-05
2.9820001001999503,0.004737834002052568,-4.1594105881374525e-05,2.0457949458667284,1.7169622933652302,2.999776103068893,0.004678718547622397,-1.107236200828898e-05
1.9545066616657218,0.00484891135437273,-0.0001743207182533634,2.3183410545064773,1.7573406053602278,1.9759975541802632,0.0048423747257048495,-0.0001833405628773685
0.9351010936407143,0.004660822586121268,-1.9187064970641688e-05,2.492907516707498,1.5492221853111783,0.9601131631158969,0.004606142493109996,-8.540234310204031e-06
-0.10079624878610988,0.0045534356230407195,4.1878278627906955e-05,2.4007259637691383,1.2814735614430042,-0.10028920313575909,0.004546046735059515,0.00015017000531659548
-1.1157139288167308,0.004826917600219974,-0.0001571313129814824,2.134803546160632,1.2283411298327063,-1.1069757482125155,0.004773959385771721,-9.341550319193095e-05
-2.1391325896462052,0.004656808987678632,-2.8172923135593382e-05,1.9476021427378587,1.426321909829881,-2.125595923059885,0.004578721930227109,0.00011699042337249048
3.121687950678331,0.004822905873904345,-0.00012241622894404273,2.0167387564987678,1.690861716827089,3.1397491665585173,0.00480139915287675,-0.0001863793336781629
2.1078676117612165,0.0046161622978847065,6.586261253540543e-05,2.2806983211467773,1.7684517353850522,2.1171220046696075,0.004749372791414361,-0.0001701865403304384
1.0869000416093455,0.004571606401972579,8.357574402971112e-05,2.4838274062646524,1.587879783013311,1.1005035136260166,0.004610815995505843,9.32734195688613e-05
0.0665137205078758,0.004874098752132347,-0.00016791702961699496,2.4367559339567406,1.3177307148056265,0.08103188412585512,0.004817597405632019,-0.00010888268782004104
-0.948760959364052,0.004742747233676587,-5.26240985878611e-05,2.183538307072365,1.218505605172838,-0.9302024144212794,0.0047350965831315745,-7.158636222059316e-05
-1.9665990262365334,0.004582341045030395,0.00014859657013099867,1.9626504826699134,1.381271820428223,-1.958490805740336,0.004730564479579726,-3.596752428986738e-06
-2.986525893911305,0.004854643537312514,-0.00015099080941940584,1.986126581337558,1.6522429957954299,-2.967186574610821,0.004821253856651432,-0.00011497207990036288
2.286317139852453,0.0047083041006009225,4.202547094005696e-06,2.2337519215510957,1.7739746843980337,2.287343610859414,0.004642960341994361,2.1503144943274936e-05
1.2641913322890477,0.004633071444621779,8.32862002878427e-05,2.465336971592956,1.6312546202942835,1.2677649483407945,0.004664369250899696,6.951001685056409e-05
0.24476661561433788,0.004822256001437409,-7.358633210943787e-05,2.4644519151878472,1.3589515532298189,0.25807948221072424,0.004734451828861802,-2.1178089403239545e-05
-0.7698105870355485,0.004659983212980285,-2.2926364660311462e-05,2.2325092180169266,1.2170559904822535,-0.7553604030966563,0.004613230754386508,5.572773589395299e-05
-1.7939325524135974,0.004781390609579337,-6.05211654488202e-05,1.9850455491447823,1.340213601449935,-1.7929671455985776,0.0048207362607892235,-5.9039666209611405e-05
-2.822321600621514,0.004826639866491777,-0.00011930175833047257,1.9653816309974164,1.614092876681768,-2.8112249187577545,0.004705987416887282,-9.507025401701715e-06
2.4475210191778225,0.004464317329763687,0.000100409983335995,2.183488500514211,1.7725253780041696,2.4670590521287368,0.004500446063259232,0.00017211338056989526
1.4206743479424624,0.004676022656492847,5.742696826526745e-05,2.442167903428846,1.667447306636227,1.4217060079154025,0.004668553168702308,5.357135395333379e-05
0.39246524955298584,0.004720554720522812,-1.5066571593184132e-05,2.481439468218949,1.3962470609732154,0.4052276270464099,0.004697656951477834,-0.00011308843619985511
-0.6207486141091738,0.004551014043976476,7.727394363651988e-05,2.2740756129198747,1.2214640491494062,-0.6082342759518652,0.004647595177118407,1.3817575023769135e-05
-1.651732342462236,0.004726643776833884,6.161359227052879e-06,2.009957338606817,1.3082204040603667,-1.6481599288095976,0.004825442832554855,-0.00011831656172702608
-2.67191642374319,0.004668575290334833,2.513871677458319e-05,1.9518768102899526,1.5760704937016563,-2.665728478959272,0.004705041459448871,-1.7870931288290784e-05
2.591458751690177,0.004725419368874931,-0.00010184507339643446,2.1442535433767476,1.764987291389416,2.609064377168265,0.004730895868398767,-5.569114519233914e-05
1.5667577543361955,0.004824017205233657,-0.0001210609760284789,2.4130232204898596,1.6997159217091407,1.5779363031375364,0.004850811510567185,-0.0001474894680699531
0.5504781533338121,0.004452276154808717,0.0001376926236714536,2.492498345228845,1.4365862166868792,0.5567350994923551,0.004638609762826263,1.1956940212524446e-05
-0.4717161664013886,0.004663600134366797,-5.050308365726733e-05,2.3166213393437975,1.2326536764458214,-0.45304905863615713,0.004620592582286718,4.371057512509902e-05
-1.4965568245432728,0.004858473607727514,-0.00013256661450538687,2.0451927849910754,1.2753722309017363,-1.4757822183182419,0.0047970245872033385,-0.0001117479942455575
-2.5210723306294303,0.00458980418018193,2.995836896669168e-05,1.9438847668340025,1.5326989411107381,-2.505525752841902,0.004470282018977128,0.00014428697580426796
2.717090528765698,0.004793151057428403,-0.00015319317218434535,2.114176353191746,1.7550778206595548,2.7216508146705634,0.004786664400387983,-0.0001919779964630479
1.6906343598900362,0.004807692951212907,-0.000142571470856379,2.3846637470966012,1.7226944701797888,1.7085426166083815,0.004773399658966958,-0.00010839773517507223
0.6798357754112629,0.004469603885229618,0.00011944959828946032,2.496661039521764,1.4726288297753463,0.6883429006125086,0.004661388691795457,-5.301418549726871e-05
-0.343314560107866,0.00481333057313683,-0.00021836727726490704,2.348627489166485,1.2463269845221527,-0.3272088032365097,0.004748686669132104,-9.470442541293628e-05
-1.3641054480886716,0.004684459814205788,1.4050513933904534e-05,2.0740239153487168,1.2553156253772941,-1.3488415793367143,0.004694321851357637,-2.2355289663130682e-05
-2.3779782524235626,0.004553558509175912,5.104534805972026e-05,1.9417250491901679,1.4950485604314634,-2.3693877313333402,0.004695883713032928,-0.00010507572552398545
2.881548022353469,0.004815245389073051,-0.00017913479843547305,2.0694793576881816,1.7327789787278118,2.8981237698976536,0.004808523919845981,-0.00016816210556741686
1.8566999239688373,0.004675111501130379,-6.96024793541695e-06,2.3478473772775628,1.7443337966517505,1.8613115213856914,0.004571221998222825,3.351609108517567e-05
0.8340755982983936,0.00473895616138227,-0.00017988018863106573,2.4962967486545176,1.5168950558288754,0.846810950060617,0.004656698190988857,-7.741251192538401e-05
-0.19058663275157686,0.004763981628951817,-0.00013741293906759545,2.384229698723591,1.2684257375413672,-0.1754669272437342,0.004815892471833631,-0.00015985602244788944
-1.208265168624375,0.004573815081248115,5.6623562792672345e-05,2.1123528997595717,1.2362418190265827,-1.192822397304166,0.0044625714006352015,8.859102960421442e-05
-2.2407618728755465,0.004674214572302516,-0.00012086530066157589,1.9429577880693918,1.4571013536667272,-2.236269531808801,0.004606448037480613,-2.332845227311899e-05
3.012565406216106,0.004633183278960937,-2.619306794801953e-06,2.0390120387028796,1.7107719338342382,3.032465131447412,0.004678576145283008,-4.989496196822901e-05
1.996560839592157,0.004621438119690162,9.595640728889726e-06,2.3122605612926614,1.759344786304444,1.9991008675506117,0.00468329144500469,-3.362124703279925e-05
0.9663708142206312,0.004675588507664466,-8.084411401227834e-05,2.4916076697376157,1.5546788402871212,0.9794116812727228,0.004756541285217119,-0.000165873148405656
-0.06466587675692131,0.00455458471248074,7.327123336840351e-05,2.409253642103296,1.2895839208971558,-0.05852336169869358,0.004682457792712893,-6.224251541287794e-05
-1.083000942919357,0.004606522449667354,1.818439188386502e-05,2.1460914958973047,1.2258883236987133,-1.0641374934005348,0.0045353048421694344,5.6127697322392733e-05
-2.1090618111337003,0.004769705983532189,-0.0001890227336067236,1.9497411499772488,1.4201223357972528,-2.101953876625524,0.004823733360732566,-0.00024940143238005966
-3.128106999826739,0.004623524363463045,4.949376627488113e-06,2.011725596673422,1.6850357454285576,-3.115277017926358,0.0046793184485311645,-4.488467397303293e-05
2.1408982690504947,0.004583564037776523,2.690854272004711e-07,2.270498759094005,1.7699381353690185,2.1550729848078607,0.004646559700037137,-7.336565335399234e-05
1.1164975540693787,0.00479445371476334,-0.00023302744503408097,2.48132688872136,1.5937364416381459,1.1225525334314257,0.004748463026658471,-0.0001912927650320405
0.09923495368157458,0.004514334018406554,0.00011905834094942654,2.442979397620266,1.3271310313796967,0.12110655141619012,0.004471054146470982,0.00010104535407928279
-0.9168052726302509,0.004680507775363273,-6.883569816230645e-05,2.193249615259988,1.2186661009255777,-0.8924154280266869,0.004749905669778793,-0.00017730601142893726
-1.58971130635889,0.004749446465173509,-0.0001669204046679548,2.0220482176490275,1.4271162748226933,-1.5894815038963344,0.004731271955443765,-6.602998064945189e-05
-1.5909956783690153,0.0046928264885138255,-1.9554627869510492e-05,2.0223075421611334,1.4605716352904259,-1.5910021042091456,0.0046942405472631945,-2.0373700135127282e-05
-1.602529761800363,0.004811432591029134,-0.00017417770025391786,2.017717899403472,1.6184962353308376,-1.6025312648583085,0.004830008106147141,-0.00017374602092842546
-1.6019098126524607,0.004755060132074286,-0.00021275072396364307,2.0176460453220977,1.6194157335598232,-1.60197226255273,0.004741106521233487,-0.00026266875065549666
-1.6017012001919029,0.0047956240303802826,0.00022569123075761414,2.021739057336985,1.7443710330989186,-1.6017474275744499,0.004794826682906494,0.00022666520722951125
-1.5994035656231547,0.004831206352108718,0.00018436290421635962,2.0236388684746203,1.7451607322851144,-1.5994527277266664,0.00483053990504522,0.00018511921906582226
-1.553654600248061,0.004389163939906102,-2.0894412657690117e-05,2.036683186553604,1.8864499214538806,-1.5536528659694728,0.004431004633290108,9.597692206833006e-06
-1.552226997993003,0.004443120595886046,2.6428528239055618e-05,2.0373122133424184,1.8873334738642549,-1.5522308590529355,0.00441347605924124,2.5576913936691776e-05
-1.871055486074539,0.004748135978477398,-0.00017134129128875506,1.9847641607851287,1.9525120824883495,-1.8486185805584843,0.004645839057992072,-0.00010563114372356207
-2.880430933208629,0.004588900876547325,-1.5433950036426037e-05,1.9775573582479455,2.2283333739926348,-2.8646441494936283,0.004684815338153089,-7.413120781949876e-05
2.384404602977131,0.004796449898246839,-0.00017470694862987905,2.2062131651749555,2.3785876466330436,2.407779199533771,0.00469762882158049,-8.874246162830391e-05
1.3716890950446858,0.00451228348758195,2.8168379910194072e-05,2.4586217856038273,2.263134059975002,1.377169920339916,0.004602509006828072,-0.00016002541941174337
0.3608657715891489,0.004527447495060496,4.119527432741681e-05,2.488511604748498,1.989699417524221,0.365504678622104,0.004638586981480853,-8.510362825573032e-05
-0.654258682879171,0.004761778728074223,-0.0002014931773770932,2.2793576654585403,1.8204403744211541,-0.6285879568026443,0.004782293483361055,-0.0002722624088445868
-1.6703126096780692,0.0045553506023975855,-2.7302041744243235e-05,2.0158207388436478,1.9087737526404254,-1.656226630395511,0.004388770832411477,0.00012258980572578442
-2.6762312103328365,0.00468169239932696,-0.00016902648669211564,1.9572640707937479,2.177238487463167,-2.6671745690519617,0.00461361032924463,-5.2801558409195496e-05
2.598629514837601,0.004657753598632855,-8.499768513914576e-05,2.150644376006193,2.369464084559915,2.604624968216166,0.004682193204100354,-0.0001255003760286096
1.591458652991881,0.0045692931503100035,-7.823611343731136e-05,2.4179184864492265,2.308620612049279,1.5955496524977129,0.00458989011883795,-0.00010230986872117658
0.5849768422963962,0.004791825864786624,-0.00021836859983355035,2.505823305865467,2.053090075178291,0.601736742593506,0.004746853774753117,-0.00018985011048582628
-0.4293134648061832,0.004605626567919672,-8.877562841161963e-05,2.336163671108672,1.8360008920044046,-0.42125776195051234,0.00459579410511337,-8.43634379065177e-05
-1.4391864847011182,0.004495374344629055,-4.020713353066638e-05,2.0652323901436236,1.864455984562759,-1.4225701898710108,0.004344242997741972,5.2898637239057854e-05
-2.439787041210796,0.004794259655567147,-0.0002649358237571268,1.9471589449721844,2.1117367410922645,-2.4337194550637427,0.00465530719714385,-0.00010576751036324904
2.8335907574645343,0.004509337462848168,-1.9441970618645027e-05,2.0851770429449665,2.3416668534849747,2.8538512850024347,0.004457380689219388,2.4467551811878656e-05
1.831330279957171,0.004603470270759174,-0.00017611929611529082,2.3588111196786543,2.3476461693629145,1.8487984875957353,0.004587155968659344,-0.000212062217927895
0.8211278430397068,0.004669876802660822,-0.0001524403707385617,2.5062723772972895,2.1213647757584244,0.8434790726054607,0.004700772625748332,-0.000246887502280156
-0.18674117621509434,0.004609893032624019,-0.00013851863791499637,2.397184385542472,1.871581972161418,-0.16615993511821447,0.004570382759648279,-0.00013956012050888634
-1.1905997881492527,0.004444820309430891,8.82847124092458e-06,2.1239816746541753,1.833674376568071,-1.180330693860473,0.0046560213260631,-0.0002335106371365085
-2.2116500261797363,0.004700736840224274,-0.00030319807371643884,1.9522335260281838,2.0428092539037914,-2.196370731805334,0.004705101501967006,-0.00023928188369663303
3.0651992224115268,0.004353359531011147,2.964993419552687e-05,2.0359025388278886,2.3026899555406386,3.0779903467523977,0.004534782978161391,-0.00010109532250559156
2.0552535324171908,0.0046367873764722,-0.0002176876448711249,2.3015494326349293,2.368335195392533,2.072424552203103,0.0045200892212717714,-7.716507175623599e-05
1.026228469565787,0.004644734005831822,-0.00019659031694867508,2.4967382381025396,2.1774541329130233,1.0421072867538121,0.004601788904158677,-0.00016559387121015484
0.013593182832688941,0.004438502304538058,2.1848440313366946e-05,2.4374778422626946,1.9099307634780456,0.028048156638810898,0.00452686653678885,-9.123620173944548e-05
-0.9957618382944031,0.004716020388958207,-0.00027804540863851375,2.177925717003817,1.8219541430914137,-0.9847752161970657,0.004624530214398838,-0.00017871402489704367
-2.028690764520328,0.004467082671625917,-3.994597717522175e-05,1.967604365508255,1.9929287892162597,-2.0079738396451203,0.004404469741489838,1.0553973757458385e-05
-3.048126528018404,0.004501322487754905,-0.00011015434579362972,2.0041643136328524,2.2670743926414243,-3.032639562906245,0.004486303118788877,-5.365596798513377e-05
2.2222528995071897,0.004708955555799642,-0.00026482557878906,2.2558242408757656,2.374552095811268,2.235336647103761,0.004726689997076556,-0.0002901639760728517
1.181614162136943,0.004454043653646012,-2.001476063307039e-05,2.481484543299417,2.2160814878519033,1.1897697001331995,0.004509345975137222,-0.00010503104603245784
0.16793137553844406,0.004655020323745049,-0.00021478057494536446,2.462325345227917,1.944645148053553,0.1833588573719503,0.004489886994846982,-9.419543904591815e-05
-0.850204704195381,0.0046295826453709825,-0.0001773755722382665,2.216516685797195,1.819680076902783,-0.8451170921623102,0.004555383954521552,-9.695476616870885e-05
-1.8819263782377202,0.004538824230878684,-5.701279191354517e-05,1.9847595917176926,1.9569435370622192,-1.8624809631491739,0.00451781904369702,-3.4113883346970064e-05
-2.90423786011457,0.0046858480143483336,-0.00020274426816005483,1.9825198260549044,2.232086029100412,-2.8849053840371304,0.00472055877403603,-0.00023704248443799606
2.3525762057979986,0.004526381460931552,-9.593425581425026e-05,2.220889231379859,2.373912095993751,2.3550797038462408,0.004598243423123257,-0.00017143998796679747
1.3071242256784255,0.004574677781330411,-6.026318331768633e-05,2.4623958194694913,2.2475972677241702,1.3220014216422156,0.004415835448650685,4.280689011400829e-05
0.2712038771882082,0.0047690934684233455,-0.00028302109054941746,2.473719568155197,1.9679603822319094,0.2748970125741855,0.004755580060609237,-0.0002491797618022847
-0.7563857699440544,0.004511116476663276,-0.00014818144549455043,2.2479970424960762,1.822244645334076,-0.7348674309961009,0.004536362347893539,-9.442645764003998e-05
-1.8090219432689474,0.004550125782783599,-0.00010691876158072747,1.9943357626628244,1.944316130937084,-1.8050234798120368,0.004377725323230576,0.00011984296837677294
-2.8430178005461357,0.004647387832829238,-0.00018885586151709316,1.9766292326924042,2.2193077135106694,-2.832199304278194,0.00470206432673137,-0.0003361169764160205
2.409758006941148,0.004420870145507764,9.995894272770568e-06,2.20184236413443,2.373202594334089,2.4238544028099382,0.004446355129922386,-2.3253303447276776e-05
1.363851653787723,0.004593281466260089,-0.00014411239426068254,2.456229207293462,2.2581055676399604,1.3669452744782145,0.004650211972827484,-0.00020179845699230914
0.3342890934787269,0.004710792997160791,-0.0002976902126636977,2.483041082108869,1.9863955418623138,0.34909740664552247,0.004612888909992843,-0.00020689860508822213
-0.6963528700781486,0.00448250723806297,-0.00011643597244089204,2.2615700462432264,1.8231864347316533,-0.6879848291586513,0.0044479006297670175,-1.2598108052014422e-05
-1.732775367735058,0.004629322809160187,-0.00010506662068590827,2.008664289536288,1.9249720633182452,-1.715423401420942,0.004548393429898861,-6.765860607843112e-05
-2.767389886781538,0.004557213644498582,-0.00014952097781431237,1.968233339400021,2.198797362071257,-2.749996766634754,0.004537444956060067,-5.960213065596229e-05
2.4825245036680204,0.004548143818914618,-0.00014985255066901558,2.185022709655216,2.3717503184288993,2.484551409463475,0.004549857472048913,-0.00015878307925671058
1.442978390400556,0.004742336971714655,-0.0003077402799073217,2.440674251917687,2.278231506763906,1.4588994593407802,0.004749421329322887,-0.00023709770865349181
0.41722205934854345,0.004496976212378864,-5.239370332639304e-05,2.490760967669714,2.008325849692766,0.43459411271168225,0.004594377076956955,-0.0001233700694698651
-0.6148910773690907,0.0045464558651276505,-0.00015936672300435295,2.286262154432338,1.826953651373047,-0.5978057520870491,0.004479429129995362,-8.545330576127575e-05
-1.6531409943391082,0.004741177526726039,-0.0002814344094984984,2.0203727167766723,1.9102011088934956,-1.6460244205885057,0.004761016084335123,-0.0002541382296576918
-2.6745162243386753,0.004604176630230565,-9.229336956125919e-05,1.9608831155575237,2.1768350116690582,-2.6668663720757917,0.004451148552772396,4.495531806713195e-05
2.572656924456273,0.004450384967377502,-2.9110783328110314e-05,2.15560744732947,2.3659024965602033,2.591402387774722,0.004525518774230507,-0.00012172666781576907
1.5379381867795288,0.004648045026429883,-0.000149195969528386,2.4211073213025562,2.2978885744313122,1.5621972095021182,0.004719444098968555,-0.00022307887971124337
0.5154373557545848,0.004614851264207658,-7.623006614132345e-05,2.4975209427465996,2.0350270709379834,0.5393429114900338,0.004569951506485607,-6.109967142753845e-05
-0.5275030980803196,0.004700799068190354,-0.00015604452259081653,2.3112576494660546,1.8316560840153706,-0.5020904975628974,0.004728731724090591,-0.00017561656489251774
-1.5522818704485422,0.004692564604725255,-0.00013958613823644944,2.040060152703844,1.8893308054585063,-1.5435064906250675,0.004676650467790588,-0.00010865092343616746
-2.575195061966599,0.004554185786536529,3.1263208401633124e-05,1.9541026271781043,2.1492691013428984,-2.566436334890282,0.004611278762713489,-4.346477001411937e-06
2.6769293216904178,0.004805723746565791,-0.00023278722897071262,2.127983427560334,2.3577177748919587,2.694670180184187,0.004803996966560555,-0.000190049588093889
1.6533496598588298,0.004648428605469682,2.6419515185132103e-05,2.4021097915986354,2.3150730198648133,1.654377449592986,0.004579875689631912,1.827842043176521e-05
0.6352081909992917,0.004680867689345478,-4.327478901195874e-05,2.502616045308364,2.0633381742684915,0.6429494680257455,0.004657890553765041,4.303693626679782e-06
-0.39670580268895256,0.00482300283737462,-0.00013867770300544208,2.3412582998893763,1.8423666857972458,-0.3892023511684959,0.004709899297811518,-7.34709964238359e-05
-1.4274017368110143,0.00458652127543915,9.016460548340816e-05,2.0679796517670517,1.866554443970362,-1.4160807413410268,0.004723442560317614,-5.1257593263274055e-06
-2.4454652624725846,0.004712784650425983,-9.303735572454923e-05,1.9501140435520816,2.112894419246033,-2.435031793497229,0.004679723218399627,-9.792627032561152e-06
2.806436335024013,0.004846019561966967,-0.00011923529047959489,2.096159756065065,2.3434758722000146,2.8166412870921773,0.004747617782209338,-2.9771830239485427e-05
1.7808090979589812,0.00451981082321931,0.00020570039308579334,2.3682310252382397,2.3381279678877087,1.8007125580781336,0.004546901074786432,0.00019765753662078325
0.7627806438966472,0.004842310520222656,-0.00012192322806837064,2.503996946147632,2.0991872802890783,0.7723436282541012,0.0047025044215743,-1.0645384067535896e-05
-0.27583417576788677,0.004826483553599069,-8.295106927744188e-05,2.371319859342996,1.8577929854935042,-0.2687812562004123,0.004784619596055341,-5.372106908903634e-05
-1.2979408276970164,0.004644202619631902,0.00011885156435600783,2.099112006701112,1.848198813932832,-1.282917346271091,0.004723365438590953,3.249008413302189e-05
-2.318683160878981,0.004809221274698786,-8.45619834918653e-05,1.9494775054982303,2.0789436690488152,-2.313685011554235,0.004858353901731437,-0.00014631162210710017
2.930597958594957,0.004793171705044024,-4.661544465348073e-05,2.0625099109112353,2.323559249304221,2.954464844750072,0.004798839735057441,-1.8180900559975725e-05
1.912568770594375,0.0046157902831173905,9.437695996786718e-05,2.3365693470429307,2.353354576709298,1.927138174676707,0.004751489006049558,2.95973468501675e-06
0.88791151910333,0.004832927484278873,-0.00010362679688739341,2.501320317603292,2.1379159600453845,0.9094800922497609,0.004849368007147528,-0.0001656814969386358
-0.149611117862895,0.004747677394349725,1.0363052896141052e-05,2.4008376549668067,1.8780329021049949,-0.1414856689751323,0.004648295333143426,7.274559336714471e-05
-1.1693100531494558,0.004745163764492686,1.3322956487418144e-05,2.1303879725524957,1.8352620046394017,-1.160413119239927,0.004720047855505209,3.7932289438783496e-05
-2.1998220352946265,0.004779451336677808,-7.133941825249162e-05,1.9532574826855882,2.045626987298179,-2.194290982145612,0.004731139128768895,1.522190983955722e-05
3.0548644974704975,0.0046771362022566525,9.012421834765791e-05,2.040312195736223,2.3063359968602484,3.0573685303324587,0.004725041907568834,4.0489848730448374e-05
2.038765084221656,0.004778064864105376,-3.7433795680104757e-06,2.303457068625269,2.365297629642999,2.055648203921358,0.004846426172989065,-8.608183011841942e-05
1.0138592587980746,0.004804421282123856,-4.553208364088154e-05,2.4957699084689833,2.170868897334941,1.0273308066590663,0.004629075863644052,4.3916249648281707e-05
-0.014118758523039376,0.004662510218528963,5.834426670407895e-05,2.428293135225075,1.9022505293574778,-0.010462341414427513,0.004573708140143788,0.00020297667126654593
-1.0314826808724322,0.0048257773812846625,-6.30963838407933e-05,2.168066991584807,1.8247557443979894,-1.0219724648707795,0.004819832338032898,-8.398738574965819e-05
-2.0574364344883405,0.004734176172834473,-8.066277081939663e-05,1.9637291128511964,2.005855462498731,-2.0499943923112403,0.004571297350244296,0.00015357121646293126
-3.084726903046536,0.004583830040210344,0.0001706830021606435,2.0107070236749256,2.2739543789505388,-3.0672049983841463,0.004670914389300713,4.310603100100063e-05
2.179587492295536,0.0048785412702379545,-0.00013763329851367834,2.2675163272366685,2.3718937843138677,2.1888505510179956,0.0048736018165091675,-0.00011745711278839151
1.1440607606411206,0.0046963710552024,1.790242452332579e-05,2.485292176600786,2.2029880370176294,1.1501379222994461,0.0047091491774714205,4.644994440441174e-05
0.11741416376512775,0.00470160647120836,7.58498741458552e-05,2.453510660696126,1.931751714023425,0.12936450674141653,0.004758000853489698,-8.850915544627762e-05
-0.8994378186061328,0.004805652835575733,-9.346971340736264e-05,2.205230784037343,1.819926142393274,-0.8882301748479806,0.004805857971378855,-0.00010353106575553464
-1.9281237155235842,0.004656412819319183,3.633080044069954e-05,1.9788238901972877,1.969952831201699,-1.9114307557716155,0.004712725428985526,2.782311899998092e-05
-2.9525052682083044,0.004738531077380965,-2.6957261701150723e-05,1.9899131184998369,2.2440635505873985,-2.9375118583552395,0.004698515598548572,2.5503172579256183e-05
2.3159091598091748,0.004833054839084733,-0.00014448913467093237,2.2262097813361628,2.3734948194610688,2.338482838599054,0.004742758009087125,-9.083914352948913e-05
1.2837375529614374,0.004554198062761234,0.00011819876140922519,2.468100670395022,2.237763444888917,1.288363099327657,0.004594544494323301,0.00013317785839879676
0.257401655495972,0.004841351690703444,-0.00015878318874171902,2.4734787263031075,1.9646000707944393,0.268387076051379,0.00470422695413613,-3.8672568161994244e-05
-0.7551110059152092,0.004628908055727889,6.4885531012521355e-06,2.24948248212878,1.8203943830207212,-0.7306845095980473,0.004603790170441569,3.087639319131385e-05
-1.785637526784858,0.004683175705761757,-6.38400966403686e-05,2.000473606507421,1.9346228604301963,-1.7638052070068724,0.004715541092023651,-3.808533572348443e-05
-2.8148782317319583,0.004803487632273645,-0.0002577716611398587,1.974831894192651,2.213831572043241,-2.8143406715827033,0.0048254861294258974,-0.00020898746303398737
2.434707514656184,0.004621335886383218,-0.0001253710525042235,2.194243862452704,2.3716278577711774,2.451180950809928,0.004604829922461256,-0.00010890062097123333
1.3999819429584155,0.004507104243419892,8.965055845841544e-05,2.4477888139572577,2.267941156884336,1.4154365787625987,0.004633059909639572,-5.74449668216688e-05
0.3735116464507459,0.004769395562760762,-0.00021789591134367838,2.485032796265632,1.9935776568445884,0.38038272836775333,0.0047052099750246,-0.00025122769511843555
-0.6528951825463647,0.004393459627699349,9.892185462532333e-05,2.2739115488977126,1.8241285242729366,-0.6407772681112085,0.004574494271327416,-0.00011475344037227888
-1.688180244114421,0.004744929542499271,-0.00017766260951874283,2.014621466178973,1.9161239595293085,-1.6773142733487096,0.004612464591639964,-5.583996456645628e-05
-2.7148671120864014,0.0046359792157162705,-0.00020211606755760669,1.9627715178519076,2.1834115016669915,-2.6938833059724496,0.004619393826895825,-0.00021394321645833972
2.531698675012738,0.0043963033373126195,3.5220051538902105e-05,2.164783576315582,2.3676748518851722,2.5544666864807026,0.004471668627515471,-4.1366073773972645e-05
1.4993732959666333,0.004756410250485582,-0.0002674263030077626,2.431693730832417,2.286257342530853,1.50196866800121,0.004742010817790704,-0.00019935403023066511
0.47881638460239406,0.004540961371142766,-4.269671195385706e-05,2.493493449803541,2.0218682472417675,0.4870771263576717,0.004669351199538017,-0.0001780632097344144
-0.5561343402964205,0.00459384281979675,-0.0001662647943085019,2.3012140580497236,1.8301411828068652,-0.5399772762344689,0.004584165309268808,-0.0001563375598594581
-1.5866265830913364,0.004602553986226559,-8.06904658780821e-05,2.034816178129361,1.895040048657273,-1.570592797916076,0.00478036367321073,-0.0002427175069450836
-2.611770292161602,0.004602125077426457,-5.1203505146061025e-05,1.9565629462117562,2.1594919353586723,-2.602096156547596,0.004587515884615659,-7.644936797095014e-05
2.6383190315845213,0.004594249202988494,-9.200338998576733e-05,2.1379832142327917,2.361177211857033,2.6535576345515386,0.004675007691396404,-0.00016679820437556138
1.612363914878539,0.004721604558062563,-0.0001959976011136602,2.4087120448510215,2.308416806498193,1.6181126550709075,0.004790229484878558,-0.0002042002696099063
0.5928909465607667,0.004545052331084554,9.81024042679029e-06,2.500232168123241,2.055688014918234,0.6142567755601406,0.0045503237822339445,-3.0247663833747443e-05
-0.4442179754974107,0.004540258792337035,-2.4735787165905977e-05,2.3304591050858674,1.8388271041473705,-0.4294392701337666,0.004706615028675958,-0.00014726352932961564
-1.4765401244464196,0.0045412704228325815,-1.8684141796365278e-05,2.059280887090538,1.8740169399674864,-1.4534206812571562,0.004639617267492911,1.1462589895631083e-06
-2.498443084656537,0.004585284930678947,-1.8983492756236193e-05,1.9512430194939836,2.1290661118740064,-2.4917772142120724,0.0046513719008036665,-4.354626511063082e-05
2.753812077526135,0.004715354551104676,-9.857363897908352e-05,2.110877084403165,2.35105357334377,2.758399997193927,0.00465600908459126,-3.311659041705795e-05
1.729788183175692,0.0046290300407498845,5.2723706647322366e-05,2.3829741116408143,2.32877408355575,1.7359569847893186,0.00472034890078195,-6.209829053779597e-05
0.7125425777570105,0.004697734055192698,-8.901881522275687e-05,2.503185684969109,2.0861980249730805,0.7246182346835575,0.004632260162460646,-1.832573419637192e-05
-0.317300544191324,0.004696887854220998,-7.545440866124396e-05,2.3655066662419952,1.85533107639411,-0.2896045052889561,0.004846298085455823,-0.0001697266588090733
-1.3429576835350918,0.0046918046825331185,1.290195191014775e-05,2.0919435902433543,1.8521533954090181,-1.3135766474866686,0.0046195269785230106,1.7033957124375423e-05
-2.360470497936889,0.004632947287991581,1.1398010327083301e-05,1.9495801119414888,2.089978906354609,-2.3513624868906127,0.004713510132027404,-0.00010859011402987406
2.893875099909396,0.004820598936714238,-0.00011105381492998784,2.0755533139271485,2.3320356260731527,2.9010848873582753,0.004818426348280087,-0.00012790119735481834
1.8710980078096624,0.004691792907363688,4.336750312309923e-05,2.346666956579187,2.3493681307013854,1.8873291772353098,0.004692123172313235,1.8350856533816362e-05
0.850173739569341,0.004669305630064516,-2.5022352346318845e-06,2.503097982222876,2.1229120852322767,0.8562010728532068,0.004797705498387683,-0.00015261262107962834
-0.17986576238467233,0.004810294398483841,-7.741685239493992e-05,2.393272268930076,1.872498266196362,-0.17383672421064073,0.004786143590081083,-4.79368074559705e-05
-1.2017063603038474,0.004643894208450019,4.228105585345223e-05,2.1241112771470303,1.8372075002479409,-1.1860131218826728,0.00471405055423968,1.5840415294679384e-05
-2.2264088958684107,0.004733760850005929,-2.9309257893419073e-05,1.9531146749951922,2.0477460968467605,-2.20332600752325,0.004808593961503324,-0.00013985945103771018
3.0285412316253177,0.004719131537991585,2.112304261506085e-05,2.0458926494078074,2.310231872165475,3.0320365351893006,0.0047360345798603725,3.556560938160451e-06
2.0107214827105464,0.004562536114705081,0.00014308193048570846,2.3144557619412205,2.3616810594066293,2.013230753408409,0.004598790365384122,0.0001488617669375831
0.9834342017660164,0.004850933570627183,-0.00016688015310132952,2.4979632309257003,2.1593502314585598,0.985461634579368,0.004868963412277341,-0.00018529041036411436
-0.0496807838840507,0.004711559541282362,4.375857358420851e-05,2.422646561731763,1.8970954766737318,-0.03954256060815797,0.004661581429683261,9.749250193312288e-05
-1.063975936160673,0.004759889630399645,2.5201939996550387e-05,2.163239420854312,1.8262778304536065,-1.0393942804457694,0.004810547081680614,-5.984370738854248e-05
-2.089032868608603,0.004834658535603608,-8.914638186443527e-05,1.96134112640698,2.0134608149478153,-2.0766287750024586,0.004840464851005801,-7.698723119746772e-05
-3.118665809668234,0.004502742457753985,0.00022687654141325861,2.0188315432554367,2.28436062679282,-3.113939908101272,0.004660265411235747,0.00012845398402637481
2.143540417776007,0.0047388929126807285,-1.9853855813713365e-06,2.274951798325649,2.3714026422362458,2.161743855193266,0.004614617834564124,4.947659884566462e-05
1.1147596346608304,0.00482278258578578,-7.414546069784069e-05,2.487250115970736,2.1987628229183223,1.1313024905137397,0.004782415604238819,-8.211097701012146e-05
0.08772705270948294,0.004629964263262615,0.0001730329313952944,2.4491821760311714,1.9263978770008034,0.10491345863826225,0.004684367365726999,3.6963042463732954e-05
-0.9281145965792317,0.004846810216282389,-0.00011261242553039049,2.1957145475905064,1.8209251597886924,-0.9214383040490866,0.004878276611985792,-0.00012960382218968968
-1.9585499087201848,0.004746684471975781,-5.230803613715592e-05,1.974385891396925,1.9782814790673244,-1.9438541660240425,0.0047677437186570285,-6.314284915350489e-06
-2.983558803878176,0.004571789852253368,0.00013574420155931037,1.995888151590441,2.254409527319265,-2.9784202746191077,0.00473270019311275,3.2193562527507914e-05
2.2797904250047796,0.004882784666982569,-0.00017894302394203947,2.2384602251035344,2.3743777987338013,2.293913379353736,0.004728802688912927,-1.4193622604279653e-05
1.247428509768611,0.004720975763144999,5.221976349722829e-05,2.472041135173904,2.2320385831916747,1.2625090943260795,0.004732826971396245,2.8377093676514343e-05
0.2207768050265578,0.00459266899981357,0.0001561135340233175,2.468605488929343,1.9553811402066588,0.228814683539537,0.004819793723191746,-3.5881535312556954e-05
-0.7980490963347487,0.004792367518463312,-9.112418868230077e-05,2.2301989524328207,1.8198151495470318,-0.7980490963347487,0.004792367518463312,-9.112418868230077e-05
-1.827992369845466,0.0046863536088442865,8.552453278380403e-05,1.990796812864637,1.9483694938720761,-1.821330814904229,0.004511849972155258,0.00021812727498357623
-2.8556445126796874,0.004619558557278896,4.621649876908378e-06,1.9772005652054614,2.2226746597547806,-2.8473169093728403,0.00482717036295095,-0.00011383246853570537
2.4112212108124855,0.004778321852486811,-0.00013916080662462944,2.198604165138443,2.3732097572745308,2.4342545115606526,0.004787721986678793,-0.00010007968857311716
1.371729879831219,0.004729049782760541,3.7290088917556895e-05,2.4533413684372825,2.2611303310451585,1.3851053172234469,0.004552009241945261,0.00019353078257023366
0.3468015711642893,0.004794805228790337,-0.00013445335996293002,2.4830275875838104,1.9860366496549093,0.35146039841747234,0.004678696571861583,5.285119084517027e-06
-0.6724726189211946,0.004633541498535163,1.1845494034885083e-05,2.268567829732663,1.822830392678505,-0.6604499538221152,0.004691443338803932,-4.587073103223186e-05
-1.7089236430890546,0.0047057622992892545,-5.282814061190434e-06,2.0102730951244343,1.9210878615065785,-1.7022943773073351,0.004699678358262539,-1.015670643976915e-05
-2.7294401987907992,0.004753475350133168,-0.00013110573636730487,1.9650065221389796,2.1912214011229367,-2.7253186028971914,0.004636219783128553,-6.177906632595798e-05
2.530272056646506,0.004588235984128649,6.2803739759429046e-06,2.1705771636513576,2.368566659801762,2.533308222134719,0.004629740675231912,-4.509708172583661e-05
1.4945865297886447,0.004705981265388029,-0.00013933830350267823,2.430811544234447,2.2876417191379126,1.506452669695585,0.004646415881250391,-1.3584966753922286e-05
0.46154859512872365,0.0047545772775984445,-0.000276352702472735,2.4919667371827696,2.016055414982476,0.465275462836836,0.004747771899574723,-0.00019366436002590722
-0.5767696402902446,0.004540481518521008,-2.2572698182160882e-05,2.2956325268392526,1.828687420434254,-0.5606577143520258,0.004579190507144172,-6.976557257357804e-05
-1.6128550190249282,0.004667920895850895,-0.00011154530354828649,2.0312280673244842,1.8979010264801608,-1.5890589818371765,0.004728768327530623,-0.00017358846620584462
-2.6326605954666693,0.004663572724643817,-0.00016872962687561468,1.9577310745764636,2.1637374529964952,-2.62047501471688,0.004652759252671443,-0.00023198962133309133
2.6126833034202823,0.004473660690721811,9.512226060582473e-06,2.1456431851430104,2.362751593307459,2.624372152907231,0.004526580736591646,-9.678260043488776e-05
1.5833041055318484,0.004752928109635183,-0.00021655146054945843,2.415632430959574,2.3023616960050726,1.5838215955438235,0.00472935105363513,-0.0002600724190666443
0.5594553778447827,0.004525894544813224,-4.731674514637675e-05,2.4984692500928722,2.0458591097806607,0.5769668066018948,0.004436484205755102,-9.274100820668659e-05
-0.4760963422901523,0.004592868505885891,-0.00011170025080677145,2.324330866528477,1.8372086039055586,-0.4532165284353433,0.00455726407731653,-7.721990554763883e-05
-1.5056582495710573,0.004659634004711052,-0.00013570458699064782,2.0493449326027937,1.8820696016816698,-1.5014919381345972,0.004751772834865408,-0.00026948208472427515
-2.5296409123440746,0.004560009069208748,-0.00012182696446281709,1.9531259572609763,2.137929493759179,-2.5240735109890875,0.004587731950650633,-0.00011106199557494196
2.7171426615458985,0.004442213855198903,-4.225509572446979e-05,2.1161655205770242,2.3525934040020844,2.7369905189823105,0.004504471191787546,-4.2953233625309894e-05
1.6837109455526595,0.004663926152413949,-0.00020349851412581818,2.3935622859169627,2.321172378579532,1.6905317829028057,0.0047606522969642325,-0.00023609832438638019
0.6642952866296653,0.004517500584305696,-4.772643019572526e-05,2.50201547923564,2.070489181440425,0.6679383536834781,0.004380087734981003,-1.8749784441221855e-05
-0.38618805283291396,0.004696389380921478,-0.00021496397663664152,2.3457477920362697,1.8456664124369018,-0.37147538687191817,0.004690891401900238,-0.00019414530546086527
-1.4132367685064853,0.0045580102282277045,-1.764260076852845e-05,2.070163289777246,1.867260970345997,-1.4076089327189063,0.004711887986965361,-0.00014963784047110088
-2.4360884514866576,0.0045359188210881245,-6.938059621614876e-05,1.9509293778402184,2.10792126940432,-2.4127139413144785,0.004555243069641398,-8.765623743794984e-05
2.8125645309640217,0.004681137307718079,-0.0001463016006321196,2.0943062277715567,2.3429598659555295,2.826386954785509,0.004799673953892051,-0.00026961651358742186
1.7918897447593014,0.004652389586696157,-6.268534795796135e-05,2.3701552376169075,2.3368836738676073,1.7939438504537815,0.004709986935254333,-0.00012743261108785775
0.7702554489023344,0.0044887827846738105,4.3624559533998684e-05,2.5039421976938327,2.1011699719845405,0.7788785749492221,0.004603830642427576,-0.00011180775954131866
-0.25963497885803216,0.004781363059465421,-0.0002319813748968592,2.375437572235671,1.8608123767979496,-0.25243294349326595,0.004781416170192322,-0.00023575588056896755
-1.2804494154889623,0.004584710527886844,8.426907879691039e-05,2.1018096184409636,1.8484669533723224,-1.2762303437156017,0.004519698145330116,0.00013514258430944942
-2.302671302268119,0.00473438690887807,-0.00010794480173766167,1.951100560150967,2.0714541891428886,-2.283388420018122,0.004697205275249542,-8.922421121126714e-05
2.946961137313651,0.00482145906795066,-0.00019985416353834724,2.064547260640389,2.3246752882244097,2.9536527326862916,0.00473802547579459,-5.389712535924981e-05
1.9226382225900105,0.0045553769787409415,8.416748199913091e-05,2.332676327800193,2.3565321188455557,1.9467412234565262,0.0044872132626030525,0.0001661568528222627
0.8932969263111631,0.004633038392919817,3.608515019389781e-05,2.5028083303656605,2.1372717923226214,0.9043700876960151,0.004799652112416176,-0.0001690332060904439
-0.1402541925807933,0.004755267962177401,-3.4127852877893296e-05,2.4030735433562476,1.8801341166734786,-0.13507991054141955,0.004805616718546215,-9.090311516336533e-05
-1.1625219336259836,0.0047058685415793285,3.2069328954826134e-05,2.135596895022706,1.8347445198517724,-1.1464398857768965,0.004662056666686452,4.9572841175286604e-05
-2.190538237112438,0.004768145502368553,-0.00013427330386512354,1.9556963610619322,2.040726449791312,-2.1734864483475183,0.004849525500859517,-0.00013866694454345123
3.062347974096539,0.004661252445861331,2.361609938588278e-06,2.039251788752069,2.304545832569564,3.070017150500358,0.004788392914201924,-3.479766524472108e-05
2.042892642499336,0.004736483310159403,-1.1902269504419321e-05,2.3057645626492134,2.3659990756674585,2.0501524337774444,0.00457163735078517,9.228402426982946e-05
1.0157321784953786,0.004753346777716413,-3.770616010200824e-05,2.496590837928846,2.1710424314070518,1.0228438589496889,0.004819589152673286,-0.00014232522906349563
-0.014663314559851445,0.004671047796432248,0.00010451772828100441,2.4296680817379217,1.9049921532503251,-0.005991440016015139,0.004732260815976328,1.3242973074163186e-05
-1.031994241477251,0.0047918699713688255,-3.8036016812476954e-05,2.1705971408393108,1.8263132143503047,-1.0140505953000059,0.004805081870419909,-5.732880271360346e-05
-2.0615323644482584,0.004786811198034922,-3.5068610442310867e-05,1.9639287803106822,2.008312561882111,-2.05289733678406,0.004831592712502566,-8.32947175636652e-05
-3.0913442935900206,0.004653033354667566,0.00012471426218675234,2.0137653026782627,2.2790546588155007,-3.0825162736008145,0.0047039139986347,5.180334718595059e-05
2.1728287843917182,0.004841670402678398,-0.00011437956024081149,2.2646585401569888,2.3743556476467376,2.201219679641869,0.004706685839586289,1.8579650643591264e-05
1.1445859633377333,0.004705267570394931,4.476551004344144e-05,2.4837640891458546,2.2103442575384746,1.1699480800784257,0.004756075157578898,1.8539902536537124e-05
0.11741509342320561,0.004696173149987781,9.627800300506305e-05,2.4546897463481363,1.9348595999305962,0.13504631975287001,0.00459336553718437,0.00019175716925424888
-0.899350566709249,0.004865040179024882,-0.0001247525737898621,2.2086485905203905,1.8213756916804562,-0.8760884382799838,0.004770682606973047,-4.7530567003095585e-05
-1.9314368928426198,0.004647074798945771,6.0682116048568595e-05,1.9768881394750075,1.97518679689718,-1.926378592650955,0.004779142467952082,-1.8366148718931535e-05
-2.9600248721330824,0.004748728449800513,1.032865423136741e-05,1.9921548752472709,2.2497917027924137,-2.9528023293936716,0.004694484554393104,1.952549925975484e-05
2.3045110592876386,0.004803071460720497,-0.00014266832910782117,2.2338001093279276,2.3759448846320677,2.3106981383600487,0.004704621580142659,6.453643690868651e-06
1.270473896075466,0.004600045783194721,0.00018209264396721662,2.4677964219478405,2.2411934107267335,1.2940113909894269,0.00470038657840083,7.214919666762955e-05
0.24417626612394297,0.004793143338408803,-5.336832623754762e-05,2.4716629462150568,1.9620008570170668,0.2513677495096179,0.004737505367523358,2.0570412391796334e-06
-0.7751914348480776,0.004771708835961379,-0.00011664273520525437,2.2386067573588373,1.8210370949761332,-0.7686557510601167,0.004717327565039568,-1.3917021683472686e-05
-1.8094665904194538,0.004595672197592067,0.00018331262261355697,1.9950968229511783,1.9426523885985352,-1.793552433275675,0.0045900000722161206,0.00012963123107135203
-2.8358208373951945,0.004826925299912062,-9.22081326714542e-05,1.9752989267523915,2.218593672168152,-2.8269765125994497,0.004761473692493511,-4.0170079386225475e-05
2.4255912158343937,0.004767688498281483,-7.972177319616933e-05,2.196536622250186,2.3740411734236235,2.4427733060553822,0.004769239565154574,-0.00015019360248109774
1.3964499605472165,0.004584779237429926,0.00011315714743948909,2.450610371422188,2.2661053408783687,1.4045035721449086,0.004741721072239486,4.191742050314999e-05
0.3719530929480088,0.004897647648239032,-0.00017331535586575118,2.4872034848395987,1.996064862998862,0.38835887937396435,0.0048385795056322825,-0.00012688053615850817
-0.6512008781111618,0.004651417465998536,2.808497385585215e-05,2.276309162143877,1.8243567575138844,-0.6341259548885552,0.004675413102845089,-1.966550741505967e-05
-1.6850366059546136,0.004569700402350327,0.00014661309630886654,2.0151682989715693,1.916084069782321,-1.6745995586060982,0.00472565399312365,1.7400424359935178e-05
-2.710414453145405,0.004805521278286616,-0.0001386384386704907,1.96279685550288,2.1847078515937888,-2.6957104690038878,0.004703890780336271,-3.6395641054833714e-05
2.5451734347467614,0.0046567158046182605,-8.672663604182736e-05,2.1659224347299313,2.3689313551125615,2.551625680209283,0.004535713588212355,1.582525838012815e-05
1.5113848958750196,0.004654762576439263,-3.7059768375253125e-05,2.4277183796026587,2.2923097787251043,1.5281383955445194,0.00473454582594244,-7.801972363967752e-05
0.4952082859175404,0.00479084283077188,-0.00019336154524785248,2.496391487771271,2.030564451662592,0.5183343159516232,0.004798567193034175,-0.00020280505316703026
-0.5362825814299278,0.004480820594580644,7.124689112855076e-06,2.3038154090897858,1.8308041323857145,-0.5337855613326633,0.004442166252199835,0.00014720598730711125
-1.5733003807881893,0.004662365422542067,-0.00013116361999746738,2.0359908207913837,1.8943866336711386,-1.569131670644611,0.004733793546813124,-0.00020531633117318104
-2.5937359211308717,0.004697973516035742,-0.00020045739203551462,1.9559119938391336,2.151403278467936,-2.573764320952003,0.004677939851500493,-0.00023632049104466892
2.650708672783168,0.004384926733696279,0.00012287583128901616,2.134176724013781,2.359183601415475,2.670503451494928,0.004382294836687817,0.00013269633979269012
1.6124300068711848,0.004685367080736163,-0.00020106440196994278,2.408627969785053,2.309716408724409,1.6202689864540691,0.004775709982835951,-0.0002264670513850324
0.5914856677666325,0.0046264430916706486,-0.00016900579303251388,2.499728255448483,2.051915998653239,0.5976456264274481,0.004461390664474086,-1.0610113162133627e-05
-0.44441122096734864,0.004538857915272731,-0.00010021718910527745,2.3325260076204137,1.8405845531865381,-0.4241415287286308,0.004540638931123996,-0.00010015275004828439
-1.4720393669482563,0.004739994075296274,-0.000266100045958393,2.0567242611301992,1.8774425638287382,-1.4709971803056199,0.00470550398645722,-0.0002501447709172999
-2.491576650234942,0.004540157372785954,-8.026778692978782e-05,1.9528493245755647,2.1277093980479926,-2.4843452975440767,0.004622755402102863,-0.00013823487963109175
2.755461993778879,0.004571764729347885,-9.21162366227373e-05,2.111504501012421,2.350836604962699,2.7594853982087386,0.004441231854769917,-1.1958397014634646e-05
1.7308084068496707,0.004702211401808936,-0.000248489474908033,2.3809333841956737,2.3306868432748336,1.7510029403962741,0.004684334106326982,-0.0002254074448036852
0.71182638588669,0.004465800239664632,-3.690193457817669e-05,2.504023545466014,2.087372124561867,0.7285225736502999,0.004536020752442447,-0.00011272088361143164
-0.32486913273228263,0.004700323129733011,-0.0002030983803834835,2.364319799484343,1.8545895952255897,-0.30178641067337525,0.004722342818825482,-0.00026247397525253063
-1.3535607473932116,0.004720425355967813,-0.0001728254676312031,2.088453337386129,1.8567468976346868,-1.3357244183176267,0.004699311833711445,-0.0002189889100874069
-2.376864180583874,0.004419652618452393,4.4345321759919174e-05,1.952194899187478,2.0907374907488436,-2.3520041117723904,0.004527412499467213,-0.00010282055744848717
2.8704364769374764,0.004762791159146532,-0.000275246722450338,2.081346753022192,2.334660597904029,2.884250933942276,0.004731121431418345,-0.00017405118565279692
1.8467743158057843,0.00458591007743097,-2.306111839006445e-05,2.3567002634447496,2.34441230494318,1.854008370717978,0.004622594390788031,-6.085566133392077e-05
0.8233149571949426,0.004624778837888574,-0.00011274452489142258,2.504386012571825,2.1196140041849265,0.8443650092817165,0.004634643350150492,-0.00011469304152993439
-0.21035592679824988,0.004756382439171628,-0.00018738589491417072,2.3874111146676316,1.8677821051993304,-0.20574522612102655,0.004584809529466502,-6.0412139160482905e-05
-1.2327738705217648,0.004587486879414891,1.6118732358015676e-05,2.1172364387147065,1.8416182254640787,-1.2199407763495969,0.0045925373064645714,1.7402966389148443e-05
-2.260216248971511,0.004705138620790341,-0.0001709699820329693,1.9532110253669728,2.062781150872685,-2.2546824565489154,0.004631980499353039,-5.1311190354646444e-05
2.993478864038358,0.00476101476314589,-0.000147058519334981,2.053134549300478,2.3143548452619873,3.0094334093371318,0.004804627314532128,-0.00016557434264000782
1.963939075390359,0.004557477066323654,4.989934503362845e-05,2.327554557732612,2.3575253179205635,1.9696865065016298,0.004513262227051986,0.00014476554614044451
0.9382167281462706,0.0046962306526851854,-5.556481904530185e-05,2.501488798335172,2.149750699306803,0.9532542064645663,0.004640558522560209,4.135840845272426e-06
-0.09229618401716493,0.004795787537384227,-0.00011775067343074204,2.4147719155269196,1.8883679495578187,-0.08310669265098002,0.004719064659862558,-3.6255249105600274e-05
-1.1113268674084338,0.004515954218456512,0.00016710552707389597,2.147189342311351,1.8302373203694207,-1.1049080786872796,0.004622808503340001,8.122795894778023e-05
-2.139266859319978,0.004821480391833391,-0.0001297156664807558,1.9587589624220156,2.0286550930059963,-2.1336789904867293,0.004832003527492905,-0.0002027509713615602
3.116491782481227,0.004772146353649702,-4.2157759681309216e-05,2.027794536513254,2.2913071755855396,3.13191634270946,0.0047379295098120295,-1.741406355856596e-06
2.09031399510795,0.0047167485564025115,-1.4347492405113403e-05,2.292201497392376,2.368060337364598,2.1046636010863478,0.004699611090027861,3.977821498712875e-06
1.0632389987906385,0.004694259828236454,2.1731950380555953e-05,2.4945736303317534,2.1811981149868833,1.066791389880725,0.004797070233945529,-0.00012514837348251396
0.03703378275777029,0.004711030787941875,2.9602369971127745e-05,2.4423474899207682,1.9159580897101431,0.05535276640742413,0.004741765353015156,2.330754471615303e-05
-0.12697313404088056,0.004754524924841837,-0.00031601786493808804,2.2240305590139093,1.9103167519584923,-0.12696439568925003,0.004742276791755638,-0.00026833659300204156
-0.13640110520714907,0.004653608479545936,-0.0002979431888573283,2.22224741788742,1.9070469186760728,-0.1341967044609305,0.004486011892051278,-0.00014803482852156075
-0.119987422915198,0.004758035111352912,0.0002090038675106172,2.034875550301369,1.9411913811831054,-0.12002318313994927,0.004769365667816421,0.00025328578112966574
-0.13034750748262097,0.004722216929951996,0.000306367970389735,2.033473791097353,1.9427804549630696,-0.12133921126854905,0.004869915742603717,0.00011962105793654934
-0.10879921658033341,0.004802124051709899,0.00016809656860582202,1.881498092714614,1.9679795765362813,-0.1087988756452835,0.004819851748768388,0.0001680661218271591
-0.10878079990725419,0.004772336434848423,0.0001872951471631639,1.88094817278466,1.9680180679458579,-0.10878170549001413,0.0047725776732126185,0.00018718078670253846
-0.8097663117577701,0.004900216926264358,2.601426729062524e-05,1.7009267817858598,1.9041844261037761,-0.8027379766224142,0.0049903185043594575,-6.32774804224943e-05
-1.8496609877010293,0.004840260944201322,0.00010391072833751318,1.4595960990957713,2.036553963800342,-1.8419671397062711,0.004767202112424179,0.00012702131442784336
-2.866993305548408,0.004731832087058799,0.00019648159199983907,1.4529369954874978,2.311551920960905,-2.8612967106732867,0.004733295083687729,0.0001512388116396339
2.388307023981106,0.004770418456723778,0.00010204572652291056,1.6808674825475118,2.45886321261715,2.4046388558741114,0.004828416269317771,-2.823083103767408e-06
1.351334152732305,0.004727147529274342,0.00013351046111537374,1.9328245034661884,2.338661007656639,1.3528820082290223,0.004764596890505324,0.00014750626109752266
0.323948840490783,0.004835513646840005,5.338214300214164e-05,1.9531071797055015,2.0642016798292113,0.333173098587931,0.004863425208851164,2.0787456901918124e-05
-0.7027218211386582,0.004864525526142162,-2.1203187057798613e-05,1.733103467216181,1.9048887681339215,-0.6858173160253211,0.004887379146063144,-4.449217865026342e-05
-1.7433670146739153,0.0047492976578156956,0.00015260257926157472,1.4773816917084068,2.009860608804421,-1.72278993812872,0.004748362320449217,0.0001561165318471156
-2.7701483764424055,0.004895882061761385,2.816290323416488e-06,1.4401994837678027,2.284200910436338,-2.750174815446477,0.004881634348155362,-1.0275077265122274e-05
2.484863136459682,0.00485171585299552,-1.2091347187146105e-06,1.655712559017125,2.457434021200046,2.4959010525496677,0.004758502354178802,5.6035940563028166e-05
1.4528942817597994,0.004751785412844727,0.00011284084389931239,1.9139938429356471,2.3644264842751697,1.4693723674171397,0.004779237560121952,7.625007195671685e-05
0.42980868224603264,0.004852910823053123,5.526601914162999e-05,1.9656689080571217,2.0947334427210382,0.44984834996217876,0.0048707726186646505,-5.38849962266193e-07
-0.599922597568244,0.004702826927029726,0.00017247025145123097,1.7584020531324922,1.9081130645812387,-0.5958808207821029,0.004793250964688268,8.084489709912779e-05
-1.6326043606012741,0.004719177199671788,0.00016650607451858116,1.4967834294113795,1.987030306386948,-1.6128668227464598,0.004689920785048626,0.00019849838206538497
