1.4263026714324951,0.9461591839790344,1.9774597883224487,2.090374708175659,1.4239132404327393,1.6496508121490479,0.6663234945349447,0.6439531556601653,0.004648894586997515,0.004640397270759339,4.2694828992314215e-05,4.488788612828483e-05,2.110012775034683,1.6626800911611914
1.133831262588501,1.4833537340164185,1.715123176574707,0.5377779603004456,1.2672181129455566,1.438097357749939,-0.36090532765480887,-0.3796983983836431,0.004718469871600352,0.0047768537849244355,-4.108370213834705e-05,-4.889533651814973e-05,1.9538297973113825,1.438681693600484
1.8320610523223877,1.4472016096115112,1.3162347078323364,1.363198161125183,0.2741052806377411,1.2195907831192017,-1.393118605138638,-1.4003357496488484,0.004566542359236382,0.004755618663864383,0.0001844848292429111,-1.7483706614272098e-05,1.677684840312413,1.457875985524712
1.573116421699524,0.4114835858345032,1.5326493978500366,1.6279573440551758,1.3073469400405884,1.765796184539795,-2.3867924540921175,-2.4099136340931606,0.004635887956068659,0.004582714813791221,-3.1979403593396116e-05,3.541390691527453e-05,1.5561254300997782,1.6960716084391871
0.5774754285812378,1.3428393602371216,1.1819509267807007,1.1092913150787354,1.0369645357131958,1.585027813911438,2.857940978476292,2.8459149856534385,0.004788750124057907,0.004898993724850547,-0.00012075574006489795,-0.0001950204077131879,1.6939972946017594,1.9347582485676442
1.7077102661132812,1.193472981452942,1.5235326290130615,1.5808842182159424,0.8395589590072632,0.6789182424545288,1.8420281542138657,1.8200014266563105,0.004491193639472378,0.004535050993607468,0.00019114221635061252,0.00019074774461521016,1.9671562902678852,1.9385272210630862
1.3496822118759155,0.947582483291626,1.9969162940979004,1.7522332668304443,1.3210430145263672,1.8864614963531494,0.8261475812679508,0.8062864405804756,0.0047396425465463625,0.004735814100306331,-0.00013014941416243458,-8.161382040906082e-05,2.1111774393576233,1.707292307662524
1.1546971797943115,1.576566219329834,1.6403436660766602,0.5658016800880432,1.1980241537094116,1.3682758808135986,-0.21114865341977118,-0.22188017703662755,0.004840490455373163,0.004802713530573762,-0.00012069067158250234,-5.9951129985913095e-05,1.9907005030512732,1.4589917255803972
1.5644840002059937,1.346686840057373,1.3657104969024658,1.4589730501174927,0.3138478398323059,1.2560856342315674,-1.2331626119634052,-1.2414007655825052,0.004659209852597158,0.00467858361181825,7.436666169302057e-05,5.640104502880994e-05,1.7167717143492107,1.4367063544752214
1.4970200061798096,0.4119384288787842,1.6387425661087036,1.4301544427871704,1.576392650604248,1.5333431959152222,-2.2522290054136063,-2.257222978644766,0.004664019256816349,0.004708483887663953,-4.1620903637108227e-05,-8.017635157413843e-05,1.5574014259301638,1.6576649783104453
0.590424656867981,1.5623993873596191,1.1522232294082642,1.1216179132461548,0.9781182408332825,1.5403412580490112,3.0100428422852814,2.99965098779938,0.004710755354192996,0.004837084727505065,2.1149689417092452e-05,-7.262214286178386e-05,1.6588560001626298,1.910890533804989
2.0066375732421875,1.127548336982727,1.5932214260101318,1.7019526958465576,0.896658182144165,0.7431612014770508,2.007929389685031,1.982275633024198,0.004595301707549603,0.004554400679679057,0.00015219369489348695,0.00013665798484963662,1.9250624071004758,1.956047863386595
1.3048592805862427,0.9772512912750244,1.7780482769012451,1.5907281637191772,1.1208651065826416,2.005182981491089,0.9656748241554646,0.9586984681299145,0.0048413238327142975,0.004816886586264715,-0.00014457069319117068,-0.000125211189521966,2.107206726914025,1.7471577701644483
1.2040213346481323,1.3219990730285645,0.5945184826850891,0.6030719876289368,1.1527917385101318,1.3457070589065552,-0.05138819150582716,-0.06520639773625178,0.004760704374664232,0.0047339283257754146,-1.3620689609768925e-05,2.778883348203262e-05,2.0260514469584914,1.4874944307361984
1.3931970596313477,1.2948412895202637,1.458939790725708,1.5945194959640503,0.38478976488113403,1.3425710201263428,-1.0753074042637984,-1.0773561966994558,0.004735173519884376,0.004709594981528892,-2.570831489537628e-05,1.4064556022555838e-06,1.7581284075435113,1.4233315034795417
1.4645953178405762,0.44196879863739014,1.4661256074905396,1.3227806091308594,1.5806442499160767,1.3778443336486816,-2.0858791915512995,-2.1044882505824565,0.004861840971397206,0.004835259307992934,-0.00014145576849522752,-0.00017442644593613867,1.5658405307117171,1.6118478654967197
0.6280315518379211,1.766767978668213,1.1592776775360107,1.1650692224502563,0.9645976424217224,1.5365554094314575,-3.1109002895189177,-3.1268427719910283,0.004509195283148254,0.004654652205484874,0.00012904284716179837,0.00011145844319131309,1.6256549534650298,1.8802713160377624
1.82398521900177,1.0996062755584717,1.7302578687667847,1.6932926177978516,0.9916723370552063,0.8219415545463562,2.1476023006705196,2.143472356623667,0.004624855642103756,0.004758620427056694,3.101733797965072e-05,-4.18167962306471e-05,1.8874496247274346,1.9657765689761846
1.2744383811950684,1.0517696142196655,1.621936321258545,1.491695761680603,0.9731925129890442,1.8440635204315186,1.1175568892210175,1.1160477973325371,0.004814935867435913,0.0047741612625080525,-6.7941693350062e-05,-8.067213722918997e-05,2.0966204415081124,1.7891610531736524
1.3144160509109497,1.1628226041793823,0.6180654168128967,0.6562988758087158,1.1514164209365845,1.3513718843460083,0.1026242386714536,0.09323689148158658,0.004583955423875452,0.004709973828262278,0.0002127899402428419,7.966373168010885e-05,2.0545271210688685,1.5191711890049058
1.2785645723342896,1.272343397140503,1.6089332103729248,1.789263367652893,0.47101277112960815,1.480574131011963,-0.9140359537853275,-0.9216769226810707,0.004852007377927357,0.004721213818309646,-0.0001425150749245887,2.985547485739215e-05,1.8023515343571006,1.4151601535762426
1.4523983001708984,0.515853762626648,1.368073582649231,1.2635260820388794,1.4265544414520264,1.2863385677337646,-1.9436817646363362,-1.9497520729676547,0.004740924483872511,0.0048066083437441785,-2.58179625880033e-05,-9.514289535647707e-05,1.579392667758653,1.5736917184022257
0.7336820960044861,1.6031907796859741,1.182496428489685,1.2161972522735596,0.9706453680992126,1.546146035194397,-2.9644709942802945,-2.9691507713145873,0.004665108757023862,0.0045501697165576255,0.00011295590398763048,0.00025513566100902944,1.6015485573132224,1.8478783294393246
1.7171841859817505,1.081516981124878,1.698952078819275,1.4224228858947754,1.1267846822738647,2.144481897354126,2.3008744981649203,2.296361143742505,0.004885739195102945,0.004853935285040902,-0.0001708314086637022,-0.00014227346027076396,1.845278632501718,1.9699007818901502
1.2711173295974731,1.161932110786438,1.5314019918441772,1.449218988418579,0.8884859681129456,1.7374156713485718,1.2788057104002937,1.2665351027778,0.00474465922289061,0.004736197343108947,5.545465049324878e-05,5.807123779660582e-05,2.0786069201722133,1.8307240529085809
1.49347984790802,1.0540403127670288,0.6481925845146179,0.7500583529472351,1.1755430698394775,1.3725813627243042,0.2702350299967056,0.2506183674568555,0.004684823194978956,0.004711824765780976,0.00010270943234766988,7.709098109082303e-05,2.0798603916102802,1.5585154219664903
1.2066895961761475,1.275553822517395,1.8256608247756958,1.9655125141143799,1.7875568866729736,1.6662460565567017,-0.759608487240353,-0.7696110399463062,0.004717004125072951,0.004863101709984459,-5.051196292271446e-05,-0.00018414368189692464,1.8458569634248707,1.4142089851276245
1.4960753917694092,1.8571152687072754,1.3278625011444092,1.254162073135376,1.344193458557129,1.2329025268554688,-1.7897569385589174,-1.8004257897612415,0.0047716400054019234,0.0046312105735948576,5.9195954597334344e-05,0.00020067116971911862,1.600174427538339,1.5363803827042308
1.966972827911377,1.501837134361267,1.2147419452667236,1.3031312227249146,1.0006779432296753,1.5945827960968018,-2.8061125278192893,-2.813785507583835,0.004777467772184353,0.004842522339949672,4.331721385250149e-05,-4.857779772645576e-05,1.5802259839337562,1.8097680681126072
1.6466655731201172,1.1058721542358398,1.455396294593811,1.2533376216888428,1.3539214134216309,1.9446773529052734,2.4699659843074744,2.4479872887885277,0.0046470295708265835,0.004728308362245256,8.664853681267973e-05,-1.9613403060130038e-05,1.7975565564253673,1.9690793766474866
1.3307511806488037,1.3477578163146973,1.4865597486495972,1.4455145597457886,0.8348575234413147,1.6907469034194946,1.4258376894154186,1.423787825983919,0.00473310943345529,0.004739528538417866,0.00010885978416756353,0.00010202794537303875,2.0561665597336085,1.8654868446164872
1.6444118022918701,0.9847129583358765,0.7052722573280334,1.844027042388916,1.2287225723266602,1.438930869102478,0.4267345566911611,0.4057382702759457,0.0049019387364611046,0.004882914444223074,-6.303248271859913e-05,-5.465428755767922e-05,2.09779388982482,1.5991830676728829
1.1636629104614258,1.30939519405365,1.960374355316162,1.7777096033096313,1.5360580682754517,1.6263487339019775,-0.6166063632419506,-0.6185976558460866,0.004757230636962012,0.004701566355937852,3.905250946094743e-05,9.50920154475327e-05,1.8866782074016855,1.4180910322569007
1.575535535812378,1.726541519165039,1.2985737323760986,1.270900011062622,1.2814801931381226,1.2127928733825684,-1.6315372122879244,-1.6397885889576471,0.004558735018710603,0.004776590556034323,0.00032676191863932467,0.00010695752325753852,1.62770248291709,1.5018177742919916
1.7590041160583496,1.4327921867370605,1.293338418006897,1.4379053115844727,1.088044285774231,1.6995775699615479,-2.6506487393992786,-2.657822859118979,0.004921462724117582,0.004701619976100645,-9.150639165988692e-05,6.267590584516283e-05,1.5656077736297493,1.768976016113074
1.6129432916641235,1.158362627029419,1.312970757484436,1.1673357486724854,1.2135043144226074,1.762125849723816,2.6217738755565643,2.599633036456599,0.004792501918651446,0.004801650885782009,6.182155114017004e-05,5.990325547457946e-05,1.7551803619506339,1.9616694415146534
1.4146108627319336,1.4084194898605347,1.4848763942718506,1.4833933115005493,0.8176196813583374,0.6951271891593933,1.5834625624617369,1.5793587259435782,0.0046590927211240096,0.004755178048036835,0.00025151100516831716,0.00016577627965233324,2.0267502738229086,1.8983102463005708
1.4855408668518066,0.9518125653266907,0.8009485602378845,2.045081615447998,1.3578877449035645,1.5480948686599731,0.5621745389671967,0.5601242815274536,0.004938707217917996,0.004910573967125676,-7.930801108531365e-05,-4.995122697931099e-05,2.1083343900735647,1.6360042829582977
1.1344581842422485,1.4046001434326172,1.7833788394927979,1.6583584547042847,1.3474304676055908,1.4893165826797485,-0.46651297576070855,-0.46651297576070855,0.004750567329453254,0.004750567329453254,0.00014460764303774075,0.00014460764303774075,1.9284979247426102,1.4280213813437244
1.7087688446044922,1.5323824882507324,1.2973616123199463,1.326818823814392,0.2945637106895447,1.219873070716858,-1.4876776334570097,-1.4902456651833085,0.0047135832046348,0.004732597084011521,0.00020938145510988247,0.00012764177399979143,1.657349995589455,1.4739506579848598
1.6257163286209106,1.419568419456482,1.418460726737976,1.5984597206115723,1.209304690361023,1.8562597036361694,-2.5002997959770523,-2.5152527756560468,0.0048272884060769055,0.004762077834168448,2.1919546848405508e-05,6.302847770765586e-05,1.5572245948805181,1.727415698420995
1.6040582656860352,1.2446435689926147,1.2296868562698364,1.1324472427368164,1.0978702306747437,1.6439106464385986,2.7634542850233093,2.7426074445292588,0.004776575473245949,0.004791051485778207,0.00010458824044861406,0.0001451654061697518,1.7174548859701182,1.9484311454840828
1.5506328344345093,1.2738434076309204,1.495233178138733,1.5347435474395752,0.8164955377578735,0.6610189080238342,1.7256571139974501,1.7185428827292744,0.0048147860113245955,0.004923521511892775,0.00014925390653871767,3.434046188514418e-06,1.9956707970693244,1.9238649785339859
1.400497317314148,0.9280185699462891,2.071908712387085,1.9472393989562988,1.5002492666244507,1.7039241790771484,0.6984941145173432,0.6964281173899579,0.004736193086297425,0.00479829221971868,0.00016566185782882506,0.00010349687890293697,2.113356317327598,1.6741493834209997
1.1227972507476807,1.5219594240188599,1.7034131288528442,0.5349041223526001,1.2452614307403564,1.4220960140228271,-0.32878051827272614,-0.33341099844541344,0.004762294559146423,0.004655347199953732,0.00013342758717619824,0.0003005263274632974,1.964560361235911,1.4432542837528037
1.7359235286712646,1.4138062000274658,1.3280558586120605,1.3808757066726685,0.2813645303249359,1.2262709140777588,-1.3441605183351173,-1.356242769263521,0.0048126358100396725,0.004985711196968248,0.00014896426323065986,-5.508330697636969e-05,1.6906926579377222,1.4506415671662791
1.5580681562423706,1.4126561880111694,1.579829454421997,1.5708544254302979,1.3771032094955444,1.7161107063293457,-2.362286674204189,-2.379067335225371,0.004806980420753414,0.004830753806788304,6.987896965722078e-05,3.9833778661643616e-05,1.5551586846631151,1.688929011363288
1.6251877546310425,1.3688255548477173,1.1781682968139648,1.1088669300079346,1.0188175439834595,1.582373857498169,2.8853558992192303,2.868970528206938,0.0048104882989771025,0.004846812192098454,0.0001277802512265496,0.00010653010491915763,1.6866136952036896,1.9325726702833625
1.7520612478256226,1.189666509628296,1.533055305480957,1.598271131515503,0.846804678440094,0.6729474067687988,1.87151098898371,1.8462417236764874,0.004783911577092554,0.004948011110196335,0.00011980733640088202,-1.786530821914871e-05,1.9599714894171838,1.9450070315797545
1.3327980041503906,0.9494217038154602,1.9698899984359741,1.7397162914276123,1.2858667373657227,1.8915506601333618,0.8451788536403093,0.8291160713202497,0.0046879829529713766,0.004652174524014879,0.00019521680920669656,0.00023514756512177948,2.113466698855231,1.7156854363286722
1.153246283531189,1.5503966808319092,1.6447452306747437,0.5654356479644775,1.187546968460083,1.3724496364593506,-0.1943230992026266,-0.20386362750366818,0.004830238186666914,0.0048506348849147824,7.165767057794775e-05,9.434059808427742e-05,1.9974548861553216,1.4629422444554747
1.549530029296875,1.333353877067566,1.3804643154144287,1.46005380153656,0.3216099739074707,1.2699089050292969,-1.2197088330503298,-1.2285040142048635,0.004815056985854702,0.004947025007218298,0.00012069591912878745,-1.682301813628161e-05,1.7225326175518716,1.4346779456030698
1.5004180669784546,0.40173184871673584,1.6220126152038574,1.4145523309707642,1.5934569835662842,1.5082998275756836,-2.2378210598968984,-2.246857594497795,0.004777995894260393,0.004623379404444391,0.00011887134805063331,0.0002973790639637313,1.557559175299632,1.6533763256991163
0.5813580751419067,1.5687483549118042,1.154138445854187,1.1259490251541138,0.9757735729217529,1.5458265542984009,3.006970113235972,3.006454079837473,0.004920189780328473,0.00494209433938555,1.5259388796925696e-05,2.057161786823894e-05,1.6581443101392694,1.9122443796972315
1.9999688863754272,1.122886300086975,1.6048855781555176,1.6936848163604736,0.8884087800979614,0.7285639047622681,1.992125575786859,1.9790906387830334,0.004733719669097279,0.0049071132980713335,0.00023826500193933772,1.628342663756032e-05,1.9278790418268346,1.9579049211477477
1.2999045848846436,0.983325183391571,1.7549269199371338,1.592921495437622,1.112128496170044,2.000770092010498,0.9733440422685886,0.9607654028373369,0.004775646921446032,0.004760420753606527,0.00015341109273669503,0.00013931247081832294,2.1078010994294334,1.7520635810949299
1.2067657709121704,1.3281465768814087,1.6268259286880493,0.6010182499885559,1.1584233045578003,1.3581387996673584,-0.06695684539586867,-0.06891375742878245,0.004944810370924238,0.004896359532033161,2.48751265886353e-06,5.67891141215351e-05,2.0252065142014164,1.4864671861042702
1.4022331237792969,1.2908134460449219,1.4606600999832153,1.5923309326171875,0.37263238430023193,1.3367841243743896,-1.0881972027071893,-1.093529791713867,0.004859893979376157,0.00481939789559947,7.342541266342913e-05,0.00011489437042834973,1.7574445101495708,1.4235532032694407
1.4826241731643677,0.442149817943573,1.4844108819961548,1.3370486497879028,1.5944795608520508,1.3826775550842285,-2.1109091572079306,-2.117469649585918,0.004736740264516398,0.004816921411256119,0.00018469363796424473,5.158176556669787e-05,1.5647646374639363,1.618405835651436
0.632946252822876,1.7867637872695923,1.1515824794769287,1.1659064292907715,0.9602866172790527,1.5385195016860962,3.1403472323115436,3.1352083054556896,0.004891701043532195,0.0048589364658149555,3.358550503946359e-05,6.804246140825108e-05,1.630674276758248,1.8866215293975817
1.857600212097168,1.089312195777893,1.7036255598068237,1.7686604261398315,0.98075932264328,0.8100162148475647,2.1222197980290542,2.1190111803702596,0.004798290218685972,0.0047722563902063055,0.00010077508822825739,0.0001284106765886583,1.8933978990536409,1.9663015100827475
1.2785382270812988,1.0439012050628662,1.6345620155334473,1.5113639831542969,0.9760390520095825,1.84754478931427,1.1063126930462623,1.0946600035478578,0.004787808750507163,0.004835130709585786,9.069216993039494e-05,-6.34625032257811e-06,2.0975614414315036,1.7883319570605174
1.288588523864746,1.1857813596725464,0.5968581438064575,0.652326226234436,1.1565399169921875,1.344193935394287,0.06627283666869546,0.06059849257248242,0.0048027950846691305,0.0048182043868042965,6.064718008196866e-05,-2.5853615725578164e-05,2.0499787732117043,1.5138800049276158
1.2979787588119507,1.2744214534759521,1.570743203163147,1.7334619760513306,0.4504070580005646,1.4367629289627075,-0.9492671563437208,-0.9574922883456898,0.004757992964726136,0.004566912929004385,5.328785706250126e-05,0.00023066115520094333,1.7936819994098503,1.4177905032751672
1.4557771682739258,0.49585583806037903,1.392977237701416,1.2762082815170288,1.4568208456039429,1.3103129863739014,-1.987058228168791,-1.9880691365389516,0.004855075990949611,0.004839536410606828,-6.851747109183084e-05,-5.291770174362093e-05,1.5755402655335915,1.5860087844605597
0.6993371844291687,1.6617681980133057,1.1747143268585205,1.1945757865905762,0.9795133471488953,1.5460700988769531,-3.006671294483821,-3.0178329711604674,0.004727267957644459,0.004850143569326769,8.25395477439031e-05,-4.310885106982559e-05,1.6070675035348065,1.857695662767865
1.7357288599014282,1.0858443975448608,1.766455054283142,1.4723559617996216,1.1050770282745361,2.088362216949463,2.25771253253617,2.2546190931262213,0.004526025526613443,0.004588512548858925,0.00019535891284526297,0.0001217210438033003,1.8567169088409898,1.9697249352198711
1.2699592113494873,1.1308317184448242,1.547309160232544,1.4713071584701538,0.9003715515136719,1.7619060277938843,1.235284626700171,1.2261530165824994,0.00482905919579644,0.004870101268699728,-8.258790337899782e-05,-0.00012892256030049582,2.083449148726749,1.820419286859258
1.420831561088562,1.0873390436172485,0.6245049238204956,0.7192617058753967,1.1483795642852783,1.364032506942749,0.2269248504943562,0.2016425775676557,0.004565386416722185,0.004727340560098675,0.00013283690904659118,4.8209809400185946e-05,2.0745483600277406,1.5491763734809856
1.222153663635254,1.274794101715088,1.7642478942871094,1.9825160503387451,1.7606068849563599,1.6171809434890747,-0.7951714567174305,-0.8096009350005062,0.004557510361530527,0.004662146028037984,0.00014347058230779235,1.2318016084772531e-05,1.835279949751738,1.415099945635549
1.4848049879074097,0.5823439955711365,1.3274365663528442,1.2494086027145386,1.3569039106369019,1.2386260032653809,-1.8344688729492802,-1.8466976742394776,0.004802178786857539,0.004851253652343677,-2.361853945619012e-05,-7.983594283066747e-05,1.5938486667896237,1.547158242447998
2.0385875701904297,1.5273303985595703,1.2036776542663574,1.2781682014465332,0.9918961524963379,1.5765091180801392,-2.865747267155713,-2.868879995517306,0.004650624924618446,0.00472402398865143,9.000688400409785e-05,2.130395662028732e-05,1.5871034790171281,1.8242237729908304
1.6606931686401367,1.1024671792984009,1.5246027708053589,1.291929841041565,1.2639230489730835,2.033363103866577,2.4024040806000198,2.39633793717773,0.004679780224841972,0.004677276926243371,-3.9852990218580205e-05,2.4773245240465422e-05,1.817115986584243,1.969766035394635
1.3056062459945679,1.2782727479934692,1.492058515548706,1.4435348510742188,0.851617693901062,1.7119818925857544,1.3811718377697557,1.3647190219909435,0.004676920457172576,0.004756808675626375,3.3460985713759634e-05,5.331779214756208e-06,2.0634592404603946,1.8548410065466738
1.6509394645690918,1.0182595252990723,0.674036979675293,0.81207674741745,1.1973648071289062,1.4167453050613403,0.3518076710826044,0.3446175549479434,0.004550409315875625,0.004690293827206813,0.00015908367020722993,1.5134881561477052e-05,2.089935991264304,1.5791229853316013
1.1780046224594116,1.2837339639663696,1.9878121614456177,1.8378037214279175,1.6180689334869385,1.6990598440170288,-0.6760928690566349,-0.6820307693445039,0.004667856810483326,0.0047912025874392635,1.6627301298637734e-05,-0.00011927653972923165,1.868997892214356,1.4160175241210284
1.5290718078613281,1.8496129512786865,1.3003599643707275,1.2672717571258545,1.3007787466049194,1.2154510021209717,-1.705235573649147,-1.709759641737773,0.004790569880086911,0.004624288774310063,-2.4922730862251707e-05,5.629782013173229e-05,1.614124723930935,1.5173420195355714
1.8370978832244873,1.4612916707992554,1.2482506036758423,1.3659597635269165,1.0524301528930664,1.6459606885910034,-2.7207101544043653,-2.7274011848263537,0.004684788832076268,0.004663838153305151,1.7372970364213016e-05,2.525421975375524e-05,1.5716852377692392,1.7874246105101577
1.6281678676605225,1.1259710788726807,1.3643749952316284,1.1929618120193481,1.2709225416183472,1.82107675075531,2.555321864416441,2.532759273476393,0.004725108164134943,0.0047852458961047326,-9.897131352486174e-05,-9.66673753979087e-05,1.7741485333094291,1.9647366021595836
1.3640823364257812,1.4887686967849731,1.4700969457626343,1.4722392559051514,0.822765052318573,1.6788570880889893,1.5091136003687262,1.4999001463220556,0.0047824675174281735,0.0045876058670617625,-6.735488247531016e-06,0.00016476620276990433,2.04097354274351,1.8827354937217526
1.5699219703674316,0.9659676551818848,0.734307587146759,1.9204566478729248,1.2764675617218018,1.4840877056121826,0.49240485602053125,0.473239529324602,0.004655055375881187,0.004578756734868316,5.8597937519348404e-05,6.47656195988371e-05,2.1024554425167246,1.6157541573703642
1.153140902519226,1.3554574251174927,1.8697394132614136,1.7109647989273071,1.4392156600952148,1.5510902404785156,-0.5429900892712896,-0.551110370433386,0.0048252565323063145,0.004861985431966314,-0.00011674427584246507,-0.0001570767435958053,1.906409334981645,1.4222203521570635
1.6206728219985962,1.6484955549240112,1.3023837804794312,1.28944730758667,1.2840830087661743,1.2049567699432373,-1.5781016419498544,-1.5832408478056985,0.00472695543023794,0.004746572474162873,3.293626444161506e-05,1.0208211235448344e-05,1.6383239288362776,1.490264207984478
1.6953978538513184,1.432610034942627,1.3474810123443604,1.4827280044555664,1.130605936050415,1.7556486129760742,-2.583865504921201,-2.598334749632135,0.004774565924636744,0.004704378329651599,-8.063209380122217e-05,1.836072471640012e-05,1.5622101388132483,1.7504248004444434
1.6068440675735474,1.1855460405349731,1.2732110023498535,1.1521185636520386,1.1622967720031738,1.7097458839416504,2.6775582396430795,2.657881836707254,0.004808131660522563,0.004828236631584401,-0.0001280427501443382,-0.0001051276169166921,1.7410104948576175,1.9557375992400357
1.4626820087432861,1.3354132175445557,1.4898309707641602,1.4988430738449097,0.8210132122039795,0.7283583879470825,1.6449441858179592,1.6327213764958783,0.004635526041149955,0.004691272979275751,0.00014755452416001418,2.6956027116932845e-05,2.013689615506465,1.9085249934391797
1.4481124877929688,0.9442780613899231,0.8467967510223389,2.120002031326294,1.4009851217269897,1.6163060665130615,0.6218668134990006,0.6172631507689934,0.004685594678687258,0.004676785410728191,3.009968448052868e-06,5.92015804577771e-05,2.1099306161823472,1.651097948385587
1.1332170963287354,1.4539602994918823,1.7414180040359497,1.6337928771972656,1.2960975170135498,1.4536265134811401,-0.39073047806938854,-0.4110191915611178,0.004806448888669284,0.004815750045449027,-5.946875949679625e-05,-7.040523674709812e-05,1.9475272855326853,1.435479944773886
1.7812871932983398,1.4841407537460327,1.3147670030593872,1.3418751955032349,0.33214518427848816,1.220322847366333,-1.412310535087903,-1.4309290573739382,0.0046636209034676005,0.0046289336540302995,6.160808477880183e-05,0.00016157706425348823,1.6742803941779925,1.461324666135301
1.573931336402893,1.4084417819976807,1.5023345947265625,1.6587188243865967,1.2908517122268677,1.806957483291626,-2.428909383049531,-2.4461120911053147,0.00475335084265475,0.004840944757966744,-5.508956045874708e-05,-0.00011387296724700014,1.5573095894937214,1.707601529971861
1.6086448431015015,1.3044075965881348,1.2051297426223755,1.1143754720687866,1.053312063217163,1.6048307418823242,2.8258701370617523,2.811116251299841,0.004767247162772858,0.004737707525745082,-5.4680766725088596e-05,3.434295004882874e-05,1.702615933385256,1.9392411087634216
1.6428449153900146,1.213440179824829,1.5057106018066406,1.555680513381958,0.8218741416931152,0.6581759452819824,1.8071116025771325,1.7901739106145584,0.004663689101407943,0.004558723250237926,0.00012689834307504517,0.00016895478332644055,1.9767452509590604,1.9332762206342227
1.3577299118041992,0.9462677240371704,2.0392093658447266,1.812415361404419,1.3765335083007812,1.8244788646697998,0.7886125053965776,0.7706564969904859,0.004796192524175563,0.004837907986591995,-8.962421095257933e-05,-0.0001745413325865167,2.1123489087922094,1.6967555891717265
1.1454615592956543,1.617153286933899,1.6563597917556763,0.5391838550567627,1.2163807153701782,1.3847264051437378,-0.2588778317628754,-0.2634723466562981,0.004702643509028865,0.004758622807576463,3.3198675029671364e-05,3.874981848295432e-05,1.9804195556278288,1.4514844653547982
1.6305783987045288,1.3662338256835938,1.355848789215088,1.416710615158081,0.2797848582267761,1.2419945001602173,-1.2855207572883491,-1.290118424831045,0.004791047326463437,0.00482205047768598,8.249456824541548e-06,5.12550915983911e-06,1.7042063785357848,1.4429983052473967
1.5255078077316284,1.4195102453231812,1.6810293197631836,1.4918699264526367,1.4659024477005005,1.5961413383483887,-2.29835437268319,-2.3118164695124945,0.004842614596800519,0.004791900797231214,-0.00011179742329382255,-0.00010022973995952205,1.556789033242378,1.6701319284185527
0.5868746042251587,1.4704535007476807,1.154828429222107,1.112106204032898,0.9928175806999207,1.5535069704055786,2.9573386515706526,2.9440399744888985,0.004657694465277932,0.004636217538797616,0.00012498254548494114,0.00013139699668085724,1.670855183013165,1.9195073322961735
1.9144744873046875,1.147796392440796,1.5652072429656982,1.661263346672058,0.8712576627731323,0.7016304135322571,1.9311960851470396,1.9297033251456945,0.004796571495979994,0.004885711602503616,2.047949701904894e-05,-3.2900858723681444e-05,1.9455431000629748,1.9482911000704628
1.3155187368392944,0.9697769284248352,1.8281582593917847,1.6357903480529785,1.1720889806747437,2.0696871280670166,0.9324190976830339,0.9079240252140688,0.004800895871953599,0.004752779452906359,-2.0298733712545396e-05,-8.730530187985987e-06,2.1097058948269876,1.737663629321121
1.177714228630066,1.3992400169372559,1.6187574863433838,0.5727589726448059,1.1607508659362793,1.3639299869537354,-0.10979409356178892,-0.12348460003398246,0.004609297915075982,0.004697204305856391,0.000207408470426762,0.00015938021670683917,2.014497772334709,1.4756100254956652
1.4489301443099976,1.3107630014419556,1.4309768676757812,1.54439115524292,0.34179946780204773,1.3106392621994019,-1.1280905418774565,-1.1413351410144608,0.004891758428193626,0.0049176963926328325,-3.35247249639096e-05,-8.474671951224966e-05,1.7449307549382707,1.4261664862709253
1.4760932922363281,0.3989456295967102,1.531518816947937,1.3586254119873047,1.6689798831939697,1.4378503561019897,-2.1547327114609582,-2.1672612127150868,0.004801439069467864,0.004626573526170293,-2.203775634144716e-05,0.00017364253493165006,1.561321500818577,1.6297058993638203
0.5960105061531067,1.7457131147384644,1.1552064418792725,1.145739197731018,0.9597381949424744,1.5474247932434082,3.088090562705072,3.087584789096705,0.004696293914200768,0.004684283927467282,0.00016515124364106833,0.00019981045045872853,1.6423873896556085,1.8968065299057568
1.8982893228530884,1.1075159311294556,1.6584076881408691,1.7961732149124146,0.9405006766319275,0.775163471698761,2.076502392260734,2.0693281188157133,0.0048333114828001044,0.004949691386337843,1.605943240780855e-05,-0.00010399466933139991,1.9066130883008985,1.9620825859059656
1.285063624382019,1.0176794528961182,1.6796857118606567,1.530285120010376,1.0276939868927002,1.906416893005371,1.0481791634613786,1.0441088998153742,0.0047224777336712185,0.004604086454105885,0.0001075796209907897,0.00023561256544906548,2.1035322596829458,1.7705186066147165
1.2543556690216064,1.2318079471588135,0.7678955793380737,0.6369598507881165,1.1484146118164062,1.350746750831604,0.035374862757592135,0.021412570543660057,0.00465023416214959,0.004849169092819241,0.0002198264174716683,7.420810465988188e-05,2.043590638371506,1.503918309091676
1.3297538757324219,1.2819594144821167,1.528741717338562,1.6809759140014648,0.4120156764984131,1.3984636068344116,-0.9850887316232279,-0.9959604691236337,0.0049586835164066164,0.004884755724284334,-4.558253134379417e-05,-1.4527106213563607e-06,1.7839507214141561,1.4158698792970463
1.4562201499938965,0.46778151392936707,1.4142285585403442,1.2981722354888916,1.4923523664474487,1.334214210510254,-2.003775166299837,-2.0260509786516314,0.0046371670207658615,0.004562738122531603,0.0002391807202407794,0.0003132130227812205,1.5727324226575743,1.5880183406222723
0.656364381313324,1.6909501552581787,1.1647396087646484,1.1867291927337646,0.9737764596939087,1.5365288257598877,-3.0334139701486516,-3.050884890756778,0.004726842844009909,0.0048448653267913295,0.00021051810015539185,8.769672920949403e-05,1.6114583906392135,1.8628422727461837
1.7639750242233276,1.0828615427017212,1.8149895668029785,1.555514931678772,1.0532402992248535,0.8717948198318481,2.2118136534918618,2.2061599242604526,0.004920305482577494,0.004867474438460319,-3.2042006078992747e-05,4.836318645618981e-05,1.8692837768492359,1.9689163606683153
1.2768304347991943,1.0819101333618164,1.5719517469406128,1.4674185514450073,0.9442344307899475,1.7932888269424438,1.1836733486783708,1.1765520372397527,0.004706640632237045,0.0047809699539148,0.0001818974466139974,0.00010078196896477607,2.0913094938452557,1.8063918961394774
1.3694062232971191,1.106218934059143,0.6119697690010071,0.708122730255127,1.1512473821640015,1.362229347229004,0.16322681623378268,0.1575914311721134,0.004901764055694103,0.0048599355047457245,6.910070484391922e-05,7.377588035237882e-05,2.0668012880154034,1.532034150562818
1.243330955505371,1.2649625539779663,1.6804921627044678,1.8959949016571045,0.5467202663421631,1.5425689220428467,-0.8473955047247715,-0.860100539667517,0.004767450578889081,0.004810582280634532,0.00014661461144618588,8.838831075983806e-05,1.8228099869645107,1.411754539296127
1.4579817056655884,0.5567197203636169,1.3357917070388794,1.2599365711212158,1.3906819820404053,1.2603225708007812,-1.8794706214293793,-1.8834780900805355,0.004758900310969801,0.004809199115368796,0.00014689166977562617,8.73629801283321e-05,1.587926125114763,1.555575083531333
0.7893339991569519,1.548962950706482,1.1859077215194702,1.2552493810653687,0.9956659078598022,1.5716023445129395,-2.8922836141176287,-2.9025335490871726,0.004990862634291637,0.0048110396903277486,-4.4010371040825e-05,0.00014291912962631316,1.5898038354226736,1.8289760356316116
1.6828789710998535,1.0863611698150635,1.571754813194275,1.3345906734466553,1.22223961353302,2.099479913711548,2.363546689882947,2.361028348302523,0.004810434347286418,0.004785198331355818,7.129723301939461e-05,0.00014054038916110756,1.8271825110450899,1.9702452748154426
1.2951550483703613,1.2493107318878174,1.5083141326904297,1.4472808837890625,0.8498377203941345,1.7085978984832764,1.3453894063672818,1.3321776522757465,0.004803706519822349,0.004879259999867139,0.00015978645758822982,5.638352304134712e-05,2.0702667550790728,1.8460602528728218
1.584436058998108,1.0218497514724731,0.6535311937332153,0.7887924313545227,1.1865508556365967,1.3970623016357422,0.32012869535949,0.3093772308022153,0.004990944683188741,0.004785040249976191,-3.3242783930512096e-05,0.0001480355901109998,2.089751846547743,1.5704255558809834
1.1761956214904785,1.2822569608688354,1.963592529296875,1.8734992742538452,1.6675788164138794,1.7312513589859009,-0.6906871334794861,-0.7077907577249284,0.004723398895081174,0.004778694957611253,0.00020703445590742394,0.00015129580459565274,1.8680527498163926,1.4125468088739932
1.5108373165130615,1.8958611488342285,1.3052598237991333,1.2675244808197021,1.3207646608352661,1.2136695384979248,-1.7247107023196908,-1.734423049021495,0.004826882944305651,0.0049176257400587965,0.00015145726151622482,1.8867120111093097e-05,1.612160899175278,1.5184765470946857
1.8731193542480469,1.4674197435379028,1.2459444999694824,1.3416895866394043,1.0303486585617065,1.6142973899841309,-2.740729339917855,-2.7565834575848607,0.004895812505605584,0.004780985087032835,7.179698613815796e-05,0.00014666408464369,1.5719883638888221,1.7893960575893084
1.6271741390228271,1.1190006732940674,1.400821566581726,1.220456600189209,1.3187355995178223,1.8655098676681519,2.522470730475578,2.5078570788142485,0.004699639118644302,0.0047784890737988545,0.00023820322747771682,0.0001028273975351935,1.7820913843557264,1.9652745967040957
1.3415793180465698,1.439683198928833,1.4827039241790771,1.4483416080474854,0.8196480870246887,1.6797046661376953,1.4930729324333702,1.476669171754937,0.0049738261483760855,0.0049512299703090784,-4.536714492064361e-05,4.47735606834241e-06,2.0440819762976816,1.8789437521621883
1.5890909433364868,0.9774323105812073,0.7170010805130005,1.9056543111801147,1.2621214389801025,1.475180983543396,0.4607024645422964,0.4534834498486322,0.004857814415725709,0.004660663390238847,4.7494957141997126e-05,0.00018981605865387856,2.1033095659228644,1.6074463739477562
1.1536915302276611,1.3421248197555542,1.8764784336090088,1.726059913635254,1.451466679573059,1.5659403800964355,-0.5600515310540986,-0.5681449987461096,0.0047805819559257915,0.00476410701416242,9.856021348509748e-05,0.00011298509706242024,1.904475428277567,1.4191968088230518
1.600499153137207,1.6633400917053223,1.2994904518127441,1.2890840768814087,1.289883017539978,1.2201752662658691,-1.5999300319661718,-1.6014644450110052,0.004983903332955631,0.004985432926655931,-5.6291989451106e-05,-6.916670349722917e-05,1.6358132233908675,1.4919107168390486
1.713553786277771,1.426957130432129,1.3296542167663574,1.4697387218475342,1.128300428390503,1.7242252826690674,-2.611851104748663,-2.6202709509258733,0.004758059646193247,0.004679539330993178,8.057995642415107e-05,0.0001589520727169275,1.5627638405198032,1.7548646138386395
1.6034929752349854,1.1761971712112427,1.2889055013656616,1.152828335762024,1.1805059909820557,1.7214603424072266,2.646975968625454,2.638807869858651,0.004862521390417294,0.004803399688848694,5.0843048200920144e-05,0.00011746207624166849,1.7480554637619916,1.9563543758558581
1.4298571348190308,1.3768396377563477,1.4842270612716675,1.485744595527649,0.8239357471466064,1.6832480430603027,1.6078278215511645,1.6027169380785835,0.004963662712615809,0.004910899023016782,-7.47205173077568e-05,-1.92373596805755e-05,2.0208144088232114,1.9012141312344881
1.4679123163223267,0.9513234496116638,0.8344992399215698,2.0901548862457275,1.3785123825073242,1.5840489864349365,0.5982255368099618,0.5839235938944477,0.004688188973899796,0.004769231074754833,0.00011188141308918145,0.0001008315634855199,2.11005391232784,1.6440133987089476
1.1362496614456177,1.4256017208099365,1.7582019567489624,1.652847409248352,1.3192543983459473,1.482984185218811,-0.43836271281767575,-0.4423385524550145,0.004760966084933225,0.004707634070120148,9.25883231647531e-05,0.00014457139542566568,1.9366883807770967,1.4295148840079719
1.7158408164978027,1.5305111408233643,1.308139443397522,1.3317335844039917,1.2899227142333984,1.2092299461364746,-1.467386368561332,-1.4750656450034798,0.0049177355521030815,0.004771484873972821,-4.878347844427538e-05,8.026207526332113e-05,1.6635333969845323,1.4679308858170457
1.6052671670913696,1.4208446741104126,1.4471162557601929,1.6286338567733765,1.231347918510437,1.871590256690979,-2.480127962697848,-2.4865551822451986,0.004677781736190539,0.004735624621617426,0.00014840709631184658,7.326045423065451e-05,1.5590300178876364,1.7198124936400605
1.6093686819076538,1.276421308517456,1.2110601663589478,1.1165213584899902,1.0768094062805176,1.6244773864746094,2.783551213709522,2.771496175506121,0.0048548464202253965,0.004726677212669338,-5.89640725639197e-05,3.379569405628072e-05,1.713386881979829,1.9421899017917248
1.57948899269104,1.2491682767868042,1.5006661415100098,1.5445808172225952,0.825728714466095,0.6856735348701477,1.757160775620836,1.7422737670147477,0.004684224918879626,0.0047401506759913985,3.9516370664908874e-05,7.527852153224506e-05,1.9883137791625434,1.9252080061251828
1.3808847665786743,0.9372238516807556,2.098548412322998,1.891013741493225,1.496829867362976,1.7452102899551392,0.7454279879423823,0.7241732842529739,0.004663793167478824,0.004636059615444031,5.624564991403289e-05,1.9856058590578713e-05,2.1121663827892716,1.6830043456001722
1.1309661865234375,1.5503426790237427,1.675670862197876,1.6042805910110474,1.243767499923706,1.4055922031402588,-0.30324968012888537,-0.30719180950686154,0.004797469714859082,0.004927145946935131,-3.2880282607912695e-05,-0.0001713863630205602,1.9699511013261821,1.4441432465991684
1.7031471729278564,1.3948030471801758,1.3301297426223755,1.3852802515029907,0.31537288427352905,1.2300504446029663,-1.3286662081238392,-1.3353987438314854,0.004628293206052066,0.0046626946859190605,0.00014716637214147978,3.2922579288972166e-05,1.6947357790840651,1.4463622740060385
1.5319710969924927,1.4108792543411255,1.6183538436889648,1.5380228757858276,1.4089183807373047,1.6525168418884277,-2.336047623256931,-2.3494738852014865,0.00453988815307963,0.0046903291997704415,0.00014926009286491112,-4.6091975545165004e-05,1.5574956405467206,1.6797095922471446
1.6509467363357544,1.4114902019500732,1.1715167760849,1.1079446077346802,1.0117239952087402,1.5688406229019165,2.8998229866005607,2.899340290966035,0.004891851679608378,0.004866003276914983,-0.00015575710199272163,-0.00012934368990351967,1.6848083204731428,1.9266028586915804
1.801985740661621,1.1666712760925293,1.5323790311813354,1.6182130575180054,0.850736677646637,0.6735581159591675,1.8857529432335824,1.876866849910511,0.004672397696320753,0.004610422368097493,7.631934195130832e-05,7.585280775913026e-05,1.957011243094399,1.9421088546842762
1.3306814432144165,0.946225106716156,1.907495379447937,1.699562907218933,1.250522494316101,1.9637601375579834,0.8602566111260348,0.8547351641618196,0.0047094585576440175,0.004605890765991787,-3.790503474048417e-05,4.9576653882593166e-05,2.1114421714728064,1.7153022389350623
1.1600078344345093,1.4897428750991821,1.623126745223999,0.5531567335128784,1.1692631244659424,1.3670547008514404,-0.15904170722635397,-0.17436301728565434,0.004671115276262386,0.004804182370078678,6.307161067806223e-05,-7.58743084922869e-05,2.0032896901837023,1.46566587505894
1.5167323350906372,1.3318039178848267,1.385599970817566,1.4918791055679321,0.30886101722717285,1.2819957733154297,-1.188211541932568,-1.194009416330449,0.004507026330192547,0.004651989767017552,0.00021650841424201108,1.787357029437836e-05,1.7289744559508469,1.4301756883600298
1.4886871576309204,1.4488029479980469,1.5743200778961182,1.3887633085250854,1.673946738243103,1.4765067100524902,-2.192223051338046,-2.215219869868815,0.00471721672805388,0.004625301706562366,-0.00010137793491417359,6.764560234601757e-06,1.5602121632363506,1.6388610318323003
0.6107469201087952,1.6376519203186035,1.1519206762313843,1.1291841268539429,0.9707861542701721,1.5356135368347168,3.0541915652729528,3.0404116681263096,0.004673175627714832,0.004805960196025264,6.32511436892964e-05,-7.406560893505687e-05,1.649711223504017,1.9008119742873897
1.966476559638977,1.1203042268753052,1.6211704015731812,1.7306039333343506,0.9048766493797302,0.724200427532196,2.0186953709085493,2.0066549020386297,0.004692615873867326,0.004547054493910013,2.319014757865196e-05,0.00012987062305742643,1.9227057911875054,1.9547186340831588
1.2983163595199585,0.9729296565055847,1.7448848485946655,1.5767836570739746,1.0990585088729858,1.9828205108642578,0.9851854463781469,0.9726734318318989,0.00484026937857941,0.004662154611633547,-0.0002038856090608326,-2.4054808359894913e-06,2.106725357892692,1.7502996944895723
1.2043672800064087,1.308804988861084,1.6263270378112793,0.5854873061180115,1.1507649421691895,1.3615559339523315,-0.04949912876948105,-0.055116019188250945,0.004764550634303743,0.004724046611189787,-3.060174777794868e-05,3.066451053321266e-05,2.026625897180575,1.4853317380678217
1.3904939889907837,1.2864327430725098,1.4725044965744019,1.5907033681869507,0.3650817275047302,1.3439970016479492,-1.0485044571347948,-1.0697187367493581,0.004687319878010654,0.00469287029955721,1.798766853857915e-05,2.3002884441087927e-05,1.7656734730626669,1.4189573002001086
1.469094157218933,0.4283359944820404,1.464201807975769,1.3268284797668457,1.563594937324524,1.3754414319992065,-2.086837408253709,-2.0958107658524274,0.004878834586939492,0.004821570329194409,-0.0001304138161825593,-0.00015577388050449126,1.5660360635374548,1.609540514635746
0.6122221350669861,1.7644307613372803,1.1623680591583252,1.157589316368103,0.9749751091003418,1.537979006767273,-3.101870879714872,-3.1194121302604327,0.004722785475401364,0.004703812827040351,1.6918021360291787e-05,3.595760978270826e-05,1.6242553502222803,1.875762005730499
1.8264623880386353,1.0989837646484375,1.730338215827942,1.6807223558425903,0.9990467429161072,0.8339817523956299,2.174831513012699,2.1475349420969856,0.004777884824084698,0.004591229096943527,-8.363013409230381e-05,0.00013304533178001718,1.8800612813844249,1.9643411387849434
1.2842037677764893,1.0542651414871216,1.6170493364334106,1.4923019409179688,0.9687816500663757,1.8370730876922607,1.1210810808171654,1.1190616231553456,0.004836380928332231,0.0048144839233384175,-0.0001101356282023112,-8.71536448796315e-05,2.0962898634606777,1.7874108608904973
1.3217248916625977,1.1573494672775269,0.7254976630210876,0.6625362634658813,1.15034818649292,1.3568271398544312,0.1083037886292954,0.09943744706200754,0.004628466820470477,0.0046267893004687255,9.214775035420067e-05,6.908772964538153e-05,2.055460241930825,1.5178626794814767
1.2741128206253052,1.2706639766693115,1.613535761833191,1.8033511638641357,0.49637094140052795,1.485615611076355,-0.9077435526026597,-0.9222035188946297,0.004844803610227512,0.004682748844671333,-0.00012717841754566103,6.531516927102263e-06,1.8038534372137134,1.4127166495671413
1.4643445014953613,0.4966554045677185,1.3712096214294434,1.2779483795166016,1.4308961629867554,1.2892783880233765,-1.944767928233297,-1.951357339927873,0.004797210238327555,0.004722387882718453,-0.00010526465541526378,2.8585706021421043e-05,1.5790472580641184,1.5718585680445587
0.7413543462753296,1.5937420129776,1.172331690788269,1.2063339948654175,0.9729068279266357,1.5490696430206299,-2.955573620543277,-2.970029000374589,0.004721669416517323,0.004722700590363796,6.349270695416752e-05,4.0165514682875176e-05,1.6001244157989114,1.8438084297296085
1.7077062129974365,1.0867356061935425,1.6956202983856201,1.4062715768814087,1.1436970233917236,2.158414363861084,2.3112600852300056,2.3002201236054893,0.004817755280365509,0.004753623099814233,-0.00012436428025654002,-7.73073936885256e-05,1.8425421103610837,1.9678259130427167
1.2766016721725464,1.1723748445510864,1.526244878768921,1.4468122720718384,0.8792598843574524,1.7465425729751587,1.2817699851349778,1.2732147590359633,0.004583631713542688,0.004754066887342024,0.0002073658524870502,-2.6463118546404745e-05,2.0781760914114282,1.8291882982513212
1.4838308095932007,1.061145544052124,0.6245771646499634,0.7566066980361938,1.170198678970337,1.3869959115982056,0.2460391432908195,0.2383583723280097,0.004775539175432635,0.00471642965096795,4.7503424021101265e-06,8.756034535391603e-05,2.076380061523722,1.5502377822187194
1.1983704566955566,1.2800053358078003,1.7997491359710693,1.987878441810608,1.8180274963378906,1.645931363105774,-0.7662298341862959,-0.7822223329656023,0.004855754541601096,0.0048657766708821585,-0.00017429245389550638,-0.00018298354090016925,1.8434688852370151,1.4118020302469496
1.483829140663147,0.6430119872093201,1.3224260807037354,1.2586899995803833,1.3424851894378662,1.2381395101547241,-1.7959594128071172,-1.8096617499787429,0.004714443554351044,0.004563941674001586,0.00010367256302474317,0.00020782821032791908,1.598949588776637,1.5350045011093794
1.9673655033111572,1.486518144607544,1.2154223918914795,1.2937411069869995,1.0045528411865234,1.5853937864303589,-2.812409108556423,-2.8232396673598674,0.004721003076843567,0.00483502446229235,9.139384037460416e-05,-4.0456546291857935e-05,1.5808021355046304,1.8087161397508247
1.6471710205078125,1.0940638780593872,1.4861968755722046,1.264897346496582,1.328458547592163,1.965708613395691,2.455499009254552,2.4329902660527973,0.004738828170315217,0.0048070325276607095,-3.851838018410422e-05,-4.2132090346133e-05,1.8012619917847523,1.9667163338005187
1.3208316564559937,1.3402804136276245,1.499611496925354,1.4494518041610718,0.8271874189376831,1.691701889038086,1.4131313670652148,1.409515216359259,0.004718178612493601,0.004669898126934212,7.225841957912834e-05,0.00018135990333781468,2.0576474213165175,1.8601665129539438
1.6576696634292603,0.9844460487365723,0.6904058456420898,0.8751981854438782,1.2292653322219849,1.4414806365966797,0.4132732287022796,0.3942891763278575,0.004890700417841282,0.0048583060875679,-9.444140300001532e-05,-5.255820237673587e-05,2.095683034154938,1.59294689194684
1.167283296585083,1.308813452720642,1.9689056873321533,1.7777321338653564,1.5496182441711426,1.6485120058059692,-0.6218055991996462,-0.6303429909588729,0.0048347324149298435,0.004685895934377364,-3.236803877810284e-05,7.253635178353753e-05,1.8843456004148882,1.415204414517595
1.5671080350875854,1.7447221279144287,1.2911109924316406,1.280870795249939,1.300081729888916,1.2192277908325195,-1.6447758232897296,-1.6504871055748043,0.004691386658832933,0.004755398853611113,0.00020009307496664691,5.977666172257184e-05,1.6242590429934018,1.5018909593097254
1.7762020826339722,1.4417048692703247,1.2818701267242432,1.4095371961593628,1.0747472047805786,1.6794332265853882,-2.663992271974665,-2.6712326103329453,0.004881811018009196,0.0048072703539614745,-1.595231956091876e-05,-2.0058514976334867e-05,1.5656580748017837,1.7700534147613232
1.6094239950180054,1.1430948972702026,1.3346436023712158,1.1705224514007568,1.2335156202316284,1.7736750841140747,2.59977655667049,2.5846433216371194,0.004603590887870783,0.004740195472305323,0.0002533083443008725,0.0001060902291390648,1.760308668616654,1.9606861718152053
1.4081264734268188,1.4256844520568848,1.4829800128936768,1.476739525794983,0.8189777731895447,1.67520010471344,1.5683410947369059,1.5626057523568437,0.004689584102283682,0.004798054992824504,0.0002189695357768621,4.73815194355346e-05,2.0289744729066284,1.8927159813724765
1.5070346593856812,0.9564515948295593,0.7890946269035339,1.998483419418335,1.3232319355010986,1.5389384031295776,0.5480948644984058,0.5372757638928396,0.004948474693580371,0.0049133171276903136,-4.248272812608386e-05,-5.4667646096425815e-05,2.1066074741923257,1.6294800225166939
1.131982445716858,1.3817551136016846,1.7979673147201538,1.6740540266036987,1.3738162517547607,1.5134375095367432,-0.4716160700591757,-0.4919691793649441,0.004585770811393987,0.004594350893773395,0.00027222827559525203,0.00030648075371777594,1.9259451074129008,1.4248040909295354
1.6728862524032593,1.5719479322433472,1.300919532775879,1.3226112127304077,1.2828441858291626,1.215991735458374,-1.5117325306070677,-1.5163464534977598,0.004897436132574077,0.0048638849412006024,3.7521839446645695e-05,5.544188071577951e-05,1.650812854930554,1.4756404711558977
1.6477749347686768,1.4159486293792725,1.3941940069198608,1.5656877756118774,1.186955213546753,1.8204326629638672,-2.5233179495992855,-2.533581002568367,0.004888282161938984,0.004905658441818033,-4.430857018240206e-06,-3.982937552681184e-06,1.556760416655911,1.7313444177275032
1.6074507236480713,1.2380907535552979,1.2399052381515503,1.1315971612930298,1.1047624349594116,1.6546300649642944,2.740496914403844,2.724761424129497,0.004615087815579914,0.00473905267095613,0.00029381070288233006,0.00019697168966740312,1.7221144705563112,1.94860037934844
1.5353752374649048,1.277877688407898,1.4955501556396484,1.534760594367981,0.8275796175003052,0.8453142642974854,1.7209134974734739,1.7060330575310376,0.004939137886597325,0.004940554141714204,-1.1772056573199869e-05,-1.4246036037139742e-05,1.9956205260467463,1.9206852560189756
1.4010189771652222,0.9484574198722839,0.9616404175758362,1.9769374132156372,1.4845654964447021,1.691712498664856,0.6923626666165302,0.6879254343140072,0.004848439195505331,0.004688108308023735,3.3028959012823374e-05,0.00022194573040310492,2.1122426824623193,1.669930529913577
1.1317172050476074,1.5273046493530273,1.6920206546783447,1.6117053031921387,1.2361316680908203,1.4234859943389893,-0.3260623718358556,-0.33983093874765624,0.0046279820215734515,0.004776770937372009,0.00027288095098289066,0.0001631440022476105,1.9642903720515505,1.4411564699315682
1.754480004310608,1.4146288633346558,1.3215012550354004,1.376684546470642,0.4616200029850006,1.2237318754196167,-1.3649941951432802,-1.3665301029083319,0.004991223225655296,0.004974481214694284,-3.134418102034511e-05,-4.5015015909565076e-05,1.6846586091270852,1.4513775735622267
1.5393555164337158,1.4107105731964111,1.5781859159469604,1.5686650276184082,1.3626457452774048,1.693665862083435,-2.375809115391974,-2.3829752567138516,0.0047617487700577455,0.004743211885466176,0.00011501299985219453,0.0001801372331269619,1.5540826820085116,1.6904717873240223
1.627386450767517,1.367226243019104,1.1805777549743652,1.1152583360671997,1.0157597064971924,1.5794657468795776,2.8786021014404484,2.8703819557298758,0.004836173742179702,0.004731941995318999,5.918941790025291e-05,0.00017266990192544085,1.687041922586577,1.9312188790631146
1.7340662479400635,1.1850708723068237,1.536882996559143,1.6087950468063354,0.8454069495201111,0.6866112351417542,1.854619377463345,1.841864808548688,0.004907245922550212,0.004939595146708927,1.7621332800704152e-06,1.4847521028860974e-05,1.962893255867531,1.9407495985807386
1.3354876041412354,0.9505026936531067,1.9759948253631592,1.742516040802002,1.3035560846328735,1.8851702213287354,0.8360506790564116,0.82098762441874,0.004710066869866759,0.004797805605153087,0.00018343580876222009,8.754609228395932e-05,2.112464986734399,1.7107307906144444
1.1456563472747803,1.5368000268936157,1.6361559629440308,1.5883437395095825,1.1879853010177612,1.3646031618118286,-0.18424893438349826,-0.2052987978982957,0.004761680894761391,0.004789191947945417,0.00019048749418107172,0.00016248693298537962,1.998560425037287,1.462209252775699
1.5518852472305298,1.3269116878509521,1.3748042583465576,1.4627737998962402,0.31191495060920715,1.2627718448638916,-1.2149795417857592,-1.225219807768547,0.0049015184227840305,0.00493069497748381,3.0270522948560693e-05,2.5071677741627884e-06,1.7222981635176275,1.4320627960509735
1.4978710412979126,1.4426820278167725,1.6223982572555542,1.4169697761535645,1.6186988353729248,1.5047966241836548,-2.2332527638314756,-2.242801628359788,0.004659962588365358,0.004780499494564176,0.0002388210603621764,0.00016337642360989466,1.5563314367312893,1.6500045248230535
1.6857073307037354,1.5885597467422485,1.1557426452636719,1.1281533241271973,0.9806414246559143,1.5346605777740479,3.0112365539373003,3.0086685267886515,0.004734775098237955,0.0048305090802512685,0.00016573137080880262,0.0001483407303778629,1.655753618524483,1.909354363103147
1.996525526046753,1.1326552629470825,1.6058286428451538,1.7118170261383057,0.8943331241607666,0.7109310626983643,2.006046688041997,1.985852554117152,0.00480473862732864,0.004835970078582768,0.00012510005389518265,0.00011717277561267632,1.9228869862217988,1.9568808411467198
1.3023768663406372,0.9815632700920105,1.7324092388153076,1.5952105522155762,1.1003831624984741,1.9763706922531128,0.9760905760568754,0.9680442764476689,0.004635884955857597,0.004777415858475458,0.00026934605482626707,0.00016020509230124427,2.1066690060415616,1.7503373135084643
1.2013497352600098,1.333797812461853,1.6297372579574585,0.584973156452179,1.1588565111160278,1.3574873208999634,-0.06452781416417774,-0.06811359697399486,0.004839194502510752,0.004924915554587563,0.00011757766641788793,5.130706425178075e-06,2.024493226987945,1.4842106298819626
1.3978822231292725,1.2956137657165527,1.4475919008255005,1.5761821269989014,0.36554718017578125,1.3319754600524902,-1.0888027181976847,-1.0961256426346158,0.004786005424757093,0.004721718667960926,8.533768085618068e-05,0.00020589685945741123,1.756061564161048,1.42045292894213
1.4622442722320557,0.45212310552597046,1.4916874170303345,1.3409279584884644,1.5900187492370605,1.3861465454101562,-2.109300234417534,-2.11383045255867,0.004821280489826166,0.00480018934351127,9.873384177088286e-05,7.491730555197318e-05,1.5638154494969834,1.6147332574177002
0.6289322972297668,1.7999910116195679,1.1615809202194214,1.1554163694381714,0.9676810503005981,1.533868432044983,-3.140395664192492,3.1386998431755715,0.004849843682132536,0.004957259922100905,1.8404543064119704e-05,-4.81771018498919e-05,1.6292023414163581,1.8831112842763902
1.8363221883773804,1.1035354137420654,1.7153681516647339,1.746955156326294,0.980991005897522,0.8374425768852234,2.144070150188044,2.124915446349636,0.004601740369433938,0.004671962987905741,0.00031050367189186116,0.0001760393486228589,1.8865652269119668,1.9642212926325748
1.274395227432251,1.0411800146102905,1.6272709369659424,1.4947826862335205,0.9847024083137512,1.8482935428619385,1.116565353879902,1.1000031210877466,0.004842930917032352,0.004878528745020823,6.0139027126100866e-05,1.0351636847799474e-05,2.096011767619958,1.787866604590732
1.2977463006973267,1.1841213703155518,1.6373441219329834,0.6506983637809753,1.1475112438201904,1.3534960746765137,0.08481747057231555,0.07049101777134065,0.004933934739653131,0.0047585284967771695,-3.93336869568479e-05,0.00010333061892419368,2.052839982989725,1.51466063627475
1.287665843963623,1.2676377296447754,1.5828648805618286,1.7622381448745728,0.4910561144351959,1.45486319065094,-0.9202634301517493,-0.9417706492131804,0.004726851312836858,0.004749283450647992,0.00011235419932567862,7.849761014304471e-05,1.801408871869855,1.4137022025979642
1.457601547241211,0.5105392932891846,1.3815906047821045,1.2808172702789307,1.4331315755844116,1.2900102138519287,-1.9498131843673527,-1.9695850522141969,0.004846903365431567,0.004837061606390196,-5.292646942292924e-05,2.223209082625071e-05,1.5791835017391966,1.5729564935859166
0.7050503492355347,1.6453642845153809,1.1607338190078735,1.1950145959854126,0.969339907169342,1.532845377922058,-2.9790170488002405,-3.0021623651645983,0.004705575966788974,0.004669821627296489,0.00011426601558552679,0.00015188206290130357,1.6019742308101148,1.848055708354451
1.7264652252197266,1.0892506837844849,1.7511249780654907,1.4625720977783203,1.1051169633865356,0.9876217246055603,2.2737310155294868,2.27003244023876,0.004699538409204769,0.004725338767862012,1.4743724946121152e-05,6.412305451203387e-05,1.8518636063818332,1.9669019874373603
1.2831612825393677,1.1502689123153687,1.5303531885147095,1.452050805091858,0.9041167497634888,1.7595406770706177,1.2524475398581267,1.2423056829179095,0.0048892296443139825,0.004835448006683907,-8.452447620604146e-05,-8.402887567655651e-05,2.0809693324721543,1.821686060983842
1.4409188032150269,1.0721149444580078,0.6315403580665588,0.7432039380073547,1.1735910177230835,1.3744310140609741,0.2180272039479967,0.2154580219791088,0.004744496748880279,0.004680820380790755,4.488459013428898e-05,8.598125052010952e-05,2.0733938886305343,1.5444154898040425
1.2079392671585083,1.2652835845947266,1.7736666202545166,2.0015952587127686,1.791419267654419,1.6302155256271362,-0.7841413636854195,-0.7952678831442541,0.004571456690631738,0.004721319829723379,0.00015357638196415239,-1.0374266397338777e-05,1.8385996986085573,1.4125271058005422
1.4798719882965088,0.6535740494728088,1.3206459283828735,1.2564330101013184,1.355098009109497,1.2350314855575562,-1.7976170056836382,-1.8226849773374751,0.0048361107486479,0.004687240379952586,-8.00372996410215e-05,-1.4354648096221695e-05,1.599373181840229,1.53585405097733
0.9503219127655029,1.5144954919815063,1.2058043479919434,1.2759368419647217,0.9978622794151306,1.570967674255371,-2.8376332087624787,-2.8442300147936685,0.004714863763536368,0.0047189092111759225,3.667654704493093e-05,2.3556540511085728e-05,1.5837612318228855,1.814839847631043
1.662734866142273,1.0988004207611084,1.4715813398361206,1.271673321723938,1.3059331178665161,1.9720544815063477,2.440167744097665,2.426166141304149,0.0047615910501295055,0.0046452427296692625,-0.00012474038935251868,-2.852232086577124e-05,1.8066164854692364,1.966611673550892
1.321820616722107,1.319684386253357,1.485714316368103,1.4532108306884766,0.8418457508087158,1.6968601942062378,1.41082936627498,1.3958833949861493,0.004753679197223917,0.004794664905044249,-1.0313006628418334e-05,-2.340853580527253e-05,2.0587451002948454,1.8590176426220268
1.69406259059906,0.9984678030014038,0.6815572381019592,0.8679317235946655,1.2115615606307983,1.4363261461257935,0.3925979143218438,0.37489676242327635,0.00464795357691829,0.004651852168546789,7.013406068368734e-05,-2.4014897790840776e-05,2.094657742865157,1.5872403292968718
1.1708191633224487,1.304065465927124,1.9948564767837524,1.8175253868103027,1.577049970626831,1.665564775466919,-0.6295380618162864,-0.6466165381954116,0.004803442585648075,0.00476524699027893,-0.00011234272618063752,-6.721668958753595e-05,1.882748267457421,1.4151694314716785
1.5477523803710938,1.78904128074646,1.2988288402557373,1.2780169248580933,1.3040634393692017,1.205793023109436,-1.6497036765850248,-1.67247534175936,0.004836996554944901,0.004799605796519087,-7.507884779632494e-05,-6.592031563781743e-05,1.6248198260448539,1.5026878701309292
1.7859399318695068,1.442196011543274,1.2786842584609985,1.3998428583145142,1.0677677392959595,1.6728819608688354,-2.6668103009701776,-2.6871114466038755,0.004618513048342336,0.004567765512385683,7.919555711138326e-05,0.0001285842101981415,1.5678639640715093,1.7705223635229494
1.626345157623291,1.1478590965270996,1.3313932418823242,1.1758232116699219,1.2401424646377563,1.7747509479522705,2.5917977593764587,2.574255780999247,0.004772198862342892,0.0048227435686300614,-0.00012486743156328573,-0.00017804802844362217,1.7643763397271572,1.9599132121791245
1.392581820487976,1.4449992179870605,1.4729118347167969,1.4715269804000854,0.8347010016441345,1.6742074489593506,1.546689316158132,1.545155564584683,0.004742033696621511,0.004764791889197052,1.83822775318818e-05,-1.8599674173507604e-05,2.0338397742486474,1.8879810239696118
1.5047776699066162,0.9591963887214661,0.8104880452156067,1.9998557567596436,1.3263027667999268,1.5498020648956299,0.5492760843370738,0.5326056800063742,0.004544001317862242,0.004581048319282704,6.134625361121084e-05,6.083805244549592e-05,2.106312531488074,1.6289461679673223
1.1373789310455322,1.3792577981948853,1.8144413232803345,1.6645923852920532,1.3740960359573364,1.508986473083496,-0.4767193260644214,-0.49296090034965373,0.0048230601217201085,0.004883998602858255,-0.0001680331770355779,-0.0001945869458553574,1.9246342297015455,1.4251241807540056
1.6854605674743652,1.5628434419631958,1.3054662942886353,1.3084965944290161,1.2947118282318115,1.2192987203598022,-1.5113922175672938,-1.5160263178800597,0.004680567353685402,0.004561576619147408,7.608963660928046e-05,0.00022760059637666415,1.652246913519388,1.4758802053073221
1.6329753398895264,1.4244556427001953,1.4028760194778442,1.564542531967163,1.194231390953064,1.8109859228134155,-2.5267678064267676,-2.528817748270661,0.004781121731340921,0.004794509785799957,-8.098350856896975e-05,-9.290748667047539e-05,1.5596619270979586,1.7327039649244016
1.6041260957717896,1.2281802892684937,1.2370226383209229,1.1234544515609741,1.0977723598480225,1.6429402828216553,2.743366895068919,2.727160275096159,0.004765037322366725,0.004684594264675259,-1.671212881652619e-05,6.502786806045379e-05,1.723740527628996,1.9471408680096598
1.5324891805648804,1.2816299200057983,1.4900085926055908,1.5297369956970215,0.8227172493934631,1.6883677244186401,1.7195248284407596,1.7038634144063707,0.004628775034668608,0.004721904706426932,0.0001556452354522402,6.778120793630124e-05,1.9972212887111929,1.9190852405706453
1.4017729759216309,0.9441006779670715,0.9743393659591675,1.9714254140853882,1.476172924041748,1.7057346105575562,0.7032982332707803,0.6857623150529429,0.004837329288579671,0.004743304088516088,-0.0001334770280816732,-6.342897717806889e-05,2.111894563109318,1.6716865780142842
1.1389899253845215,1.5066735744476318,1.7031346559524536,1.6082810163497925,1.2507436275482178,1.4231395721435547,-0.3275869925064707,-0.34283306793804935,0.004698157273762358,0.004741845076392444,7.100616579900235e-05,2.3548273091386617e-05,1.9637857540454466,1.4411137452195453
1.755941390991211,1.419809341430664,1.3256171941757202,1.375253677368164,0.5410313010215759,1.2209705114364624,-1.3559534170938454,-1.3658224149434255,0.004598443645103285,0.0047337300603941855,0.00018243327215451715,4.240088640126625e-05,1.6875564761607365,1.4513429951026997
1.5531878471374512,1.4180175065994263,1.5630673170089722,1.5705312490463257,1.3653072118759155,1.7020071744918823,-2.3660079995425596,-2.3821266488034865,0.004835822404784423,0.0047315308903758575,-0.00016659139175489068,-9.230069177202975e-05,1.5570809609820935,1.6885396362551397
1.6319276094436646,1.379040241241455,1.1691510677337646,1.113548994064331,1.0197734832763672,1.571372389793396,2.878572232762541,2.8726620650081607,0.004784705944077461,0.0047446867980971,-3.52857898227997e-05,2.0399625629682076e-05,1.6897455851213445,1.9306209367663354
1.7441091537475586,1.175781011581421,1.5254156589508057,1.6000837087631226,0.8467094898223877,0.7407307028770447,1.852133074994645,1.8480375282441788,0.00478021939556878,0.004764332722301688,3.2782799237923173e-06,2.110483822474878e-05,1.965905501836027,1.9381360152508462
1.3343453407287598,0.9428603053092957,1.9577473402023315,1.72843599319458,1.2986446619033813,1.9193933010101318,0.8305423087862067,0.8295591231585137,0.004700493516706356,0.004737082178502578,2.3399503025835469e-07,-3.067675894318087e-05,2.1123767019388535,1.707694662755064
1.1545854806900024,1.5371087789535522,1.6333155632019043,1.5946232080459595,1.1749954223632812,1.3776159286499023,-0.18997107286089426,-0.1991252289863162,0.004705493824111945,0.004714915060160712,4.158932551965606e-05,9.879633064873672e-05,1.9969283236399449,1.4610883027659658
1.5377857685089111,1.3372961282730103,1.378846287727356,1.4669287204742432,0.3491007387638092,1.2694830894470215,-1.2070959460796076,-1.2147259448493872,0.004669840387627229,0.004828412387968497,0.00015032294053270206,-1.5096157709848811e-05,1.7245087375740291,1.4327686148615608
1.5045078992843628,1.4519062042236328,1.612641453742981,1.4240446090698242,1.6055424213409424,1.5107762813568115,-2.223369294480872,-2.238809683854656,0.004768646907255641,0.0047004159302602155,-3.2461094952060435e-05,1.2201223971803937e-05,1.5590416922691115,1.6477610824796443
1.6894385814666748,1.6017416715621948,1.1486728191375732,1.1250807046890259,0.9803581833839417,1.534873604774475,3.0442828512150384,3.015945568205185,0.004713308436762702,0.004687305801983951,5.1992700292399224e-05,0.00014156740457806915,1.6518875345500463,1.903138457393068
1.972596526145935,1.113739252090454,1.6098803281784058,1.7245959043502808,0.9074950814247131,0.7217523455619812,2.010820546689471,2.0025751048218834,0.004770807020291955,0.004841018973852922,3.347560455095403e-05,-4.269793567913542e-05,1.9247495480773416,1.9547875914923671
1.3022572994232178,0.9880717396736145,1.756578803062439,1.5873048305511475,1.1021426916122437,1.9856666326522827,0.9942120435804962,0.9802187870407185,0.004685157375082525,0.0047534147359840715,3.556344277724474e-05,5.084321698854435e-07,2.1066658360727795,1.753701432886933
1.2166357040405273,1.2878034114837646,1.6266452074050903,0.5984711647033691,1.152616024017334,1.3533406257629395,-0.03681127246951892,-0.0394066315235642,0.0046615063462109325,0.004722992657756595,0.00014031788366094603,0.00012399484138512777,2.02933268481976,1.4880229557980416
1.359910488128662,1.2894811630249023,1.4810205698013306,1.6131435632705688,0.37705036997795105,1.3600330352783203,-1.0551731153848596,-1.0581716428908163,0.004855238731638527,0.004759322940005337,-4.5533096334011575e-05,4.844223752806042e-05,1.7644469144834436,1.419178561077894
1.4610506296157837,1.5256872177124023,1.4588547945022583,1.3220148086547852,1.553528070449829,1.3687150478363037,-2.082525937445103,-2.0860500004465834,0.004787811482678072,0.0047789963083695805,-4.887362600951724e-06,5.320961213952839e-05,1.5661918828388135,1.608299103056382
0.6687297224998474,1.7531836032867432,1.1465728282928467,1.1682612895965576,0.9697063565254211,1.5381476879119873,-3.085869030388564,-3.106014406013908,0.00477120894979893,0.004737766722628565,0.00011224909441644468,8.777990327350428e-05,1.6214066026857115,1.872967292213508
1.8121020793914795,1.0911424160003662,1.7353169918060303,1.6710017919540405,1.0039523839950562,0.8426728248596191,2.1679622400060135,2.1531296446706962,0.004884491697830731,0.0047929676688050395,-5.4966314681741096e-05,7.066169925958088e-05,1.8816492841516583,1.9652790159607798
1.2810834646224976,1.0572419166564941,1.6000735759735107,1.4940011501312256,0.9609085917472839,1.8343455791473389,1.1476471396395416,1.1272728895461124,0.0047587737188890126,0.004764215479254628,6.316878669181011e-05,5.816613599305232e-05,2.094697821388043,1.7951998596329646
1.3246477842330933,1.1498396396636963,1.6316194534301758,0.651336133480072,1.1466702222824097,1.3577256202697754,0.13506897205108398,0.10831399624891386,0.004846661839695231,0.004740488921626245,6.148436265534782e-05,0.00016323283380850168,2.0609568391198274,1.5239235133834357
1.2754127979278564,1.2714898586273193,1.6229277849197388,1.8148099184036255,0.5083415508270264,1.489358901977539,-0.8949128993107466,-0.9123520639276067,0.004758228760473812,0.004886756102215831,5.986214934369591e-06,-2.9505186240560096e-05,1.8087361513431683,1.411335304752769
1.4608128070831299,0.5045797228813171,1.3641531467437744,1.2795472145080566,1.4143729209899902,1.290005087852478,-1.922809382358477,-1.9401330423897158,0.00478098458812663,0.004757902544427131,0.00013936884606098542,0.00010184713877412521,1.5815330966749392,1.5655870223386872
0.7450495958328247,1.591508150100708,1.1804007291793823,1.2202088832855225,0.9727113842964172,1.5565894842147827,-2.9525613303757665,-2.9582002020279052,0.004947405154923447,0.00483943556383261,-1.4818961215443337e-05,7.375054336433201e-05,1.5985623204923036,1.8429357040297205
1.7042886018753052,1.0846980810165405,1.6838222742080688,1.3962428569793701,1.1424511671066284,1.0268765687942505,2.326878491360445,2.3066200124383442,0.004920634991326699,0.004879035646658584,7.767111491661713e-06,-5.311012745913373e-06,1.8370729088725912,1.9692349693838427
1.281997799873352,1.1738297939300537,1.5156631469726562,1.4521880149841309,0.8905574083328247,1.7187466621398926,1.2996428272701848,1.2817118217351253,0.004650769572029751,0.004630503898002247,0.0002926293453045575,0.0002705863660184913,2.0761580700868048,1.834279648178454
1.5002527236938477,1.0413142442703247,0.7088664174079895,0.7703176736831665,1.1708166599273682,1.3863581418991089,0.2789227302992755,0.26368092062941734,0.004926790808803815,0.004982951305021637,-2.7593625191843964e-06,-6.405106285682725e-05,2.0827505216603184,1.558519487289609
1.2008827924728394,1.277866244316101,1.8704936504364014,1.9281033277511597,1.7424404621124268,1.710019826889038,-0.751140116244291,-0.757043418115396,0.004742191597113389,0.004753869394680015,0.00016026034748117628,0.00013421923568435266,1.8493219737638567,1.4101700236549721
1.4920333623886108,0.6747477054595947,1.3200148344039917,1.2594609260559082,1.3399747610092163,1.2256088256835938,-1.7792431454420101,-1.7853333564936644,0.0048570388886874346,0.004754186307188862,9.972314366585866e-05,0.0002046019320070085,1.6015563494238776,1.529889960729289
1.005958914756775,1.493543267250061,1.2194503545761108,1.3062022924423218,1.0162556171417236,1.599402904510498,-2.795071963825635,-2.8068651913101283,0.004912486803597598,0.0049739135457760285,1.8389376507384663e-05,-4.66310441421947e-05,1.5768636314520281,1.8030916131774577
1.6438395977020264,1.098868489265442,1.4337458610534668,1.235791802406311,1.382616639137268,1.9195520877838135,2.4842371636455827,2.4585504858440217,0.004785916943726673,0.00466618191471846,0.00016043292919712163,0.0002210196618013597,1.7920453937763945,1.9666866297826255
1.3238818645477295,1.3462040424346924,1.486420750617981,1.4513295888900757,0.8445377349853516,1.6858818531036377,1.4418982579311301,1.4224315278982351,0.004796805649295821,0.004768684155254197,7.63252642447266e-05,0.00013049385257348894,2.0532597208341206,1.8670942367644483
1.6582015752792358,0.9934774041175842,0.6954209804534912,0.8836132884025574,1.2366352081298828,1.444649338722229,0.40820158592095657,0.3989871943827052,0.0049199150637681205,0.004917217521502899,6.2820113493279455e-06,1.1824240518008265e-05,2.09825196275206,1.5923635155804328
1.1571712493896484,1.3169018030166626,1.9528613090515137,1.7709691524505615,1.5092817544937134,1.6130527257919312,-0.6037451459590188,-0.6198592523156545,0.004784122526274146,0.004762436386087564,0.00010759849064436129,0.0001376310090482901,1.8916873568749601,1.4151657695371134
1.5689817667007446,1.731239914894104,1.2958378791809082,1.2770707607269287,1.2909173965454102,1.2121602296829224,-1.6288624625094532,-1.644863708781316,0.004903718572208605,0.004751457178279476,3.7875572175168816e-05,0.00014790369241786866,1.6284604964071945,1.49720622286515
1.7855128049850464,1.4453661441802979,1.2850332260131836,1.392094612121582,1.0663970708847046,1.6829289197921753,-2.679103050725793,-2.6864073496110086,0.004853076812441551,0.004921475100274631,0.00011257287537407139,2.8697222218025417e-05,1.565490591079441,1.7725898511441458
1.6204707622528076,1.1400610208511353,1.3426274061203003,1.191982388496399,1.2470450401306152,1.7895914316177368,2.573759691360488,2.56718240044138,0.004758847099109063,0.0047895873894698016,0.00019401197307841755,0.00010756059944880556,1.7668373106678483,1.9621424327407544
1.389098048210144,1.4679418802261353,1.4717659950256348,1.475862741470337,0.8266956210136414,1.6781195402145386,1.528106246061729,1.528106246061729,0.004922777346314591,0.004922777346314591,3.609954744102486e-05,3.609954744102486e-05,2.03657450509742,1.885887252394302
1.5279361009597778,0.9598643779754639,0.7650172710418701,1.0008575916290283,1.29729163646698,1.508625864982605,0.5041434637590917,0.5020164381322622,0.004872270560470659,0.004865545098589861,7.160653378056333e-05,7.813979151971108e-05,2.1057491894282654,1.6186672428858182
1.144311547279358,1.3556101322174072,1.843082308769226,1.6910979747772217,1.4097415208816528,1.5326546430587769,-0.521111846897729,-0.5230589704006549,0.004736782082647432,0.004772900078809604,0.00021009972884962429,0.0001617849349056965,1.9145154338996653,1.4212689543544044
1.6262283325195312,1.6191763877868652,1.311909556388855,1.2995179891586304,1.2907530069351196,1.201535940170288,-1.5492404184984045,-1.5634713826073108,0.0048830769021506095,0.004990155178983373,4.074714061247454e-05,-4.911868205336169e-05,1.6454734659886043,1.4812934288617678
1.70399808883667,1.42379629611969,1.3406240940093994,1.488242745399475,1.139776587486267,1.7511969804763794,-2.5791003123228133,-2.5971347208692697,0.004634887612972554,0.0047234160212768364,0.00023924960893669333,0.000132339982062675,1.560146296158211,1.7452899400381137
1.6028765439987183,1.1903570890426636,1.268833875656128,1.1346889734268188,1.1550320386886597,1.695499062538147,2.6784126198952247,2.6629052912872724,0.004860280502805378,0.004880514189830296,3.90797874274611e-05,3.807857555306035e-05,1.7384868333065926,1.9528228762754876
